Date,GrossRevenue,NetRevenue,TotalCost,Orders,UnitsSold,ReturnUnits,ReturnRows,UniqueCustomers,RefundAmount,Profit,ProfitMarginPct,Sessions,ConversionRate,RefundRatePct,Profit_7d_avg,Profit_7d_std,ConversionRate_7d_avg,ConversionRate_7d_std,RefundRatePct_7d_avg,RefundRatePct_7d_std,GrossRevenue_7d_avg,GrossRevenue_7d_std
2010-12-01,62523.33,61872.87,39039.53350154921,143,28244,193,27,98,325.23,22833.336498450793,36.51970632154556,4317.0,3.312485522353486,0.5201738295129195,,,,,,,,
2010-12-02,51616.33,48534.13,49511.79542800578,167,32331,10325,45,117,1541.1000000000001,-977.6654280057846,-1.8941010102922557,6608.0,2.527239709443099,2.985683019308037,,,,,,,,
2010-12-03,50475.31,47828.81,27516.146655240198,108,17036,1861,44,55,1323.25,20312.6633447598,40.24277086115925,1957.0,5.518650996423097,2.6215787481047665,14056.111471734936,13080.49250564817,3.786125409406561,1.5509308266081916,2.0424785323085746,1.3308650142641971,54871.65666666667,6651.0570783998955
2010-12-05,33770.92,32988.92,21868.373409778003,95,17122,56,16,76,391.0,11120.546590221995,32.92935635221663,3673.0,2.5864416008712223,1.1578008535153914,13322.2202513567,10780.564676936221,3.486204457272726,1.4012142101517442,1.8213091126102785,1.1732283549961693,49596.4725,11865.972869614403
2010-12-06,57864.58,55924.020000000004,31158.064523463203,133,22640,587,58,90,970.28,24765.9554765368,42.79985351407856,5758.0,2.3098298020145887,1.6768116177461236,15610.96729639272,10646.936002719716,3.2509295262210984,1.322619526906783,1.7924096136374477,1.0180984652427616,51250.094,10921.23181848687
2010-12-07,160051.22,49037.64,77424.37906652146,111,26452,373,45,70,54559.15,-28386.739066521463,-17.73603416863768,2909.0,3.815744242007563,34.08855615096218,8278.016235907024,20330.244084360555,3.3450653121855094,1.2052498527520847,7.175100703191569,13.216255134543058,69383.615,45479.29360369562
2010-12-08,48575.54,46158.26,30139.55084100701,148,23887,394,76,112,1200.14,16018.709158992991,32.97690392941178,3765.0,3.9309428950863214,2.470667335864923,9383.82951063359,18788.08438251919,3.428762109742768,1.122300650634737,6.503038793573476,12.195060624024373,66411.03285714285,42255.08451947754
2010-12-09,56899.75,54779.15,34473.43475182576,183,21428,2304,92,122,1054.05,20305.715248174245,35.68682682819212,3870.0,4.728682170542635,1.8524685960834626,9022.740760594084,18508.72921461062,3.6310759166269326,1.2211407431164665,6.693366617369269,12.096119067437854,65607.66428571429,42394.5465579819
2010-12-10,64289.450000000004,60455.57,33106.987561281276,91,22214,862,76,54,1778.0100000000002,27348.582438718724,42.539767315972874,2972.0,3.0619111709286675,2.765632619348898,13069.347598697585,19046.616076519935,3.707457553982014,1.1555491725275544,6.661930845946535,12.107641101136641,67418.11,41965.90228022268
2010-12-12,18040.670000000002,17864.37,11478.65787571808,51,10851,38,12,42,88.15,6385.712124281919,35.39620271465482,1835.0,2.779291553133515,0.48861821650748005,11079.783138629315,18890.642731126758,3.3161204906549306,0.8680265836971764,6.357222198575493,12.252246395602851,62784.590000000004,45766.81527253125
2010-12-13,45992.28,37843.14,30124.74329734424,84,19597,106,22,61,2627.37,7718.396702655758,16.781939713916678,3555.0,2.3628691983122363,5.712632641825976,10593.761726119856,18933.136895354797,3.284181576003647,0.902767687383569,7.0079124540484345,12.049363601069077,64530.49857142857,44696.12125645186
2010-12-14,50179.06,45335.88,31609.52271665883,144,21635,672,80,104,2411.44,13726.357283341167,27.35475172978762,2617.0,5.50248376003057,4.80566993482939,9016.676269949048,17992.284113209833,3.7402749985773585,1.1109524227497507,7.454892213631758,11.875420545485978,63432.567142857144,44980.64523945149
2010-12-15,32381.05,30379.19,23607.067207395336,98,19010,264,42,86,1000.93,6772.122792604663,20.913845575127006,2200.0,4.454545454545455,3.09109803418975,14039.370821252782,7871.510266493186,3.8315323146542,1.1439320424951933,3.026683911235697,1.7597879759085655,45193.97142857143,15492.249129184393
2010-12-16,55103.31,53043.11,44583.43888481909,150,31991,322,40,117,1018.55,8459.671115180914,15.352382851739604,6066.0,2.472799208704253,1.8484370539628199,12959.508243565344,8070.693789888901,3.623226073742476,1.2506009133456921,2.9377938709639677,1.8076192201661274,46126.51,15920.27683016118
2010-12-17,50493.33,44175.05,25930.489778610034,72,17469,1390,10,52,1884.1399999999999,18244.56022138997,36.13261438964309,1980.0,3.6363636363636362,3.7314631457263756,12665.057525453303,7790.7498352947805,3.4671805688597614,1.154101662420224,3.206221663770098,1.7584334446904744,45211.30714285715,15372.456586486885
2010-12-19,8208.84,8173.64,5688.066776477856,25,4088,4,4,17,17.6,2485.573223522144,30.2792260967706,760.0,3.289473684210526,0.2144030094386052,9113.199066139505,5226.228805213463,3.499689499328599,1.1439436554625013,2.8417602909257704,2.0968056890068505,37199.79142857143,18137.396360923696
2010-12-20,30624.63,26124.07,22063.697185976624,96,16377,890,89,59,2047.38,4060.372814023376,13.258520393628839,1848.0,5.194805194805195,6.685403219565428,8781.00773610257,5495.455936566531,3.8447628767102673,1.2498371287867425,3.7270152913626204,2.2409128725664407,38997.5,16468.80587485526
2010-12-21,50285.83,49839.93,23367.370107178285,66,16325,231,23,31,206.15,26472.559892821715,52.644174099983466,2460.0,2.682926829268293,0.40995644299795786,11460.173906126278,8590.853388379413,3.8904853954182754,1.191062367314984,2.9694901201014754,2.3513625645568945,39610.864285714284,16848.32008625575
2010-12-22,7791.900000000001,7656.0,4581.351721118008,22,3338,22,6,17,65.4,3074.648278881992,39.459544897675684,117.0,18.803418803418804,0.8393331536595695,9938.50119120354,9053.448786976189,5.790618973045166,5.817148043946926,2.402870579934358,2.3127200409391615,33555.555714285714,19779.146142116348
2010-12-23,13456.05,12894.75,8705.702931899983,38,6209,107,20,23,279.8,4189.047068100017,31.13132805020803,1432.0,2.653631284916201,2.0793620713359418,9569.490373417162,9254.428645207823,5.533345520240987,5.924912658894718,2.258336870955243,2.2940798700748455,30851.984285714287,21208.22682226238
2011-01-04,18437.39,16286.19,14653.965802067372,57,9304,739,24,38,1075.6,1632.2241979326282,8.852794229186605,1811.0,3.147432357813363,5.83379751689366,8594.140813810263,9738.035783343064,5.62972168439943,5.87208309761315,2.827674079945363,2.64334704713535,25613.99571428572,18586.164173585228
2011-01-05,71061.94,2618.04,39755.96126346235,76,21429,1386,80,56,34200.7,-37137.92126346235,-52.26133885939836,1584.0,4.797979797979798,48.12801339226032,682.3577445456467,18837.43070439645,5.795666850344597,5.822566918219949,9.170038400878783,17.37646162940398,28552.368571428575,24009.61304730771
2011-01-06,48494.68,39156.68,31825.79572804656,78,24531,932,69,66,2990.11,7330.8842719534405,15.116883484855329,519.0,15.028901734104046,6.1658515944429375,1374.545037178689,19003.027080981403,7.4727280003293854,6.616867292887086,10.02024534159369,17.00691174570975,34307.48857142857,23132.790215642275
2011-01-07,33486.22,29539.22,24927.685365739755,58,18358,784,32,49,1603.45,4611.534634260246,13.77143981691647,3028.0,1.915455746367239,4.788387581518607,1453.2824400696704,19017.146925855803,7.004249507695392,6.914424952474106,9.749243107587,17.083848858522824,34716.287142857145,23082.0894485701
2011-01-09,16592.0,16443.8,11111.604238680206,51,8578,23,21,48,67.4,5332.195761319794,32.13714899541824,2353.0,2.1674458138546537,0.4062198649951785,-1566.7695787163182,15785.795239815514,6.930609362636301,6.970635010830458,9.748709310729462,17.084189361506038,29902.882857142857,22805.679898521434
2011-01-10,26522.54,25767.68,24400.17730733874,61,13696,4077,20,35,377.43,1367.502692661259,5.156001999285359,2353.0,2.592435189120272,1.4230537497539828,-1810.6475196049944,15715.167021085454,4.614754560593653,4.687792330776316,9.832097967314377,17.034807689816965,32578.68857142857,20788.641991809254
2011-01-11,82852.55,81170.53,71868.76371558427,84,34299,366,50,61,838.46,9301.766284415731,11.226891971841217,639.0,13.145539906103288,1.0119905784432706,-1080.259060131321,16153.193602182813,6.113598649334667,5.553601541810389,9.679616325472566,17.1203322791694,42492.474285714285,26034.623170776424
2011-01-12,27681.170000000002,26211.170000000002,17888.92842690363,62,11421,490,25,49,735.0,8322.241573096373,30.064630841457827,2554.0,2.427564604541895,2.655234587266362,-124.54229225078598,16533.85250653596,6.010760398867313,5.623901597664682,9.22553590695438,17.28073569713431,43813.014285714286,24817.099264002
2011-01-13,22398.25,22216.05,15382.283151472126,51,10867,61,11,47,91.1,6833.766848527874,30.510271331590072,2105.0,2.4228028503562946,0.40672820421238265,6157.127438033532,2659.006496069487,5.67144940634967,5.778787272110201,2.4082094515189603,2.264950043916382,36861.05857142857,22631.50773564843
2011-01-14,49585.31,49177.53,32325.357674327402,56,23826,59,18,46,199.64000000000001,16852.172325672596,33.98621955912466,1509.0,3.7110669317428764,0.4026192434815877,7517.311445707696,4873.011895073232,4.054615863155218,4.048629901040098,1.5848905442387673,1.6298022198681397,37016.862857142856,22728.492970932413
2011-01-16,7740.9,7490.0,4868.527806590719,29,4410,23,4,22,125.45,2621.4721934092813,33.86521197030425,1277.0,2.2709475332811273,1.6206125902672817,7233.0168113004165,5122.457232772213,4.105400404142915,4.0194493335964125,1.1323512597742922,0.8409193207584519,33338.96,25329.27862053584
2011-01-17,31677.87,31456.09,19808.710553775505,55,14172,89,8,48,77.02000000000001,11647.379446224495,36.768190052628206,1782.0,3.0864197530864197,0.2431350340158603,8135.185909143945,5285.412658918252,4.236682395461739,3.960173534004699,1.1090534267772467,0.8662669906617358,35494.084285714285,24287.24205064178
2011-01-18,173978.75,19326.649999999994,110041.96826288628,51,83218,74322,22,34,77297.25,-90715.31826288629,-52.14160824979274,2225.0,2.292134831460674,44.42913286823822,-5019.502798791419,38039.26330292918,4.193782344367511,3.9825176285234685,7.2527790151321385,16.41551932811993,56559.25714285714,57053.40223155925
2011-01-19,28267.71,27570.19,20407.609220623614,43,18310,279,9,35,348.76,7162.580779376385,25.338383545665305,2225.0,1.9325842696629212,1.2337752156081974,-5325.100728082753,37913.41890252179,2.5919315391617443,0.6028061107557293,7.284462534727128,16.40167465220422,48761.42285714286,56589.12600316033
2011-01-20,27640.08,17481.52,16192.410566928487,54,10927,1779,26,37,3251.08,1289.1094330715132,4.66391353813561,2225.0,2.4269662921348316,11.762194610145846,-6329.833890943449,37583.230747101115,2.5918460659607345,0.6028333428316291,8.585456823709912,16.334328975863848,48755.55285714286,56591.67917809552
2011-01-21,35713.89,34346.97,23525.117384501293,64,16330,371,64,51,661.86,10821.852615498708,30.301523064271933,1681.0,3.8072575847709698,1.8532285337721544,-5760.107352804757,37845.350325652784,2.78962531373426,0.7478058316103877,8.792099727932735,16.222382713593905,50657.787142857145,55775.976014784566
2011-01-23,11497.0,11268.4,8016.1816734921085,30,5604,47,19,27,114.3,3252.218326507891,28.287538718864845,1212.0,2.4752475247524752,0.9941723927981212,-7702.957924114001,36826.41124501903,2.6130796841642026,0.6307246618385005,8.87660732069224,16.172860510900545,45216.6,57721.93173911744
2011-01-24,26811.76,26449.52,16269.222059984808,61,12290,120,14,46,178.17000000000002,10180.297940015193,37.969525089047465,2701.0,2.258422806368012,0.6645218366865884,-6623.125674598871,37287.53614449969,2.611290437462329,0.6318737053111282,8.74002292732357,16.24821428149032,47941.008571428574,56085.17577854104
2011-01-25,32230.420000000002,29964.760000000002,21072.36307870417,86,16324,885,56,71,1105.95,8892.396921295833,27.590074598146195,2864.0,3.0027932960893855,3.431385628856217,-7016.6946067315375,37076.49281977178,2.5993438007484673,0.6221084904885985,9.195487298015049,16.013323596138154,48019.944285714286,56058.85442074452
2011-01-26,21551.13,20693.19,13541.234050283827,71,11416,122,32,57,428.96999999999997,7151.955949716172,33.18599047806853,3129.0,2.269095557686162,1.9904756734333648,6964.344566497385,3535.5994541259615,2.5960524759235364,0.6240625723340522,3.1328219844714984,3.910887217792391,26244.57,7867.442082608596
2011-01-27,28963.23,20205.31,16292.883653279136,88,11874,611,85,63,2638.7,3912.4263467208657,13.508252866551368,2270.0,3.8766519823788546,9.110517024516946,6500.036790403739,3714.1310389648993,2.8737764348829558,0.7067007167917027,4.258070814315606,4.378610849720614,26343.93,7901.569247181264
2011-01-28,22558.42,19464.96,15238.76526896476,100,18427,746,103,44,1522.8799999999999,4226.194731035239,18.734444748502952,2965.0,3.372681281618887,6.750827407238627,6919.620404398557,3150.472376518691,3.0088785762378207,0.6973824920045374,3.5421612139002883,3.1975947584706614,25617.978571428568,7995.51772567074
2011-01-30,7324.66,7006.04,4619.432071029357,25,3635,64,8,22,159.31,2386.607928970643,32.58319060503345,778.0,3.2133676092544987,2.174981500847821,5714.585449180262,3019.6268627430286,2.9240371511640393,0.6153690345942321,3.5881259234825262,3.171476284121819,21562.374285714286,9139.223308859251
2011-01-31,26648.58,24097.16,16132.558992528688,85,13897,847,36,64,1275.71,7964.601007471312,29.887524991843133,778.0,10.925449871465295,4.787159390856848,6387.782975032179,2902.1782665565124,4.131208914980156,3.052114622486196,4.129981208919488,2.9721879485356864,23726.885714285716,8092.3253469030415
2011-02-01,31996.12,30773.58,22677.20587711051,86,16716,721,48,65,601.77,8096.3741228894905,25.304237272798986,3013.0,2.8542980418187853,1.8807592920641627,6090.079572585651,2531.5197966622204,4.216333948615981,2.9990240546631983,4.30372941683057,2.764105602810306,24467.50857142857,8640.394550390341
2011-02-02,22809.79,22474.29,14812.95836792681,74,10274,377,12,59,167.75,7661.33163207319,33.587909542670886,3074.0,2.4072869225764477,0.7354298307875696,5914.213102696703,2339.9039257449494,4.131261609542704,3.0472441317156,3.9185928742493346,3.0761216343864226,23121.704285714288,7934.580651643127
2011-02-03,24604.49,24333.99,15886.524699771808,53,17375,64,9,48,135.25,8447.465300228194,34.33302336373643,2651.0,1.999245567710298,0.5496964171986495,6099.285867055562,2499.8832684246813,4.092711610974724,3.0762966932896108,3.7127672662158036,3.268802634733163,23557.898571428574,7917.759704275476
2011-02-04,26781.81,26445.77,17289.711715623755,75,14550,2714,25,42,168.02,9156.058284376246,34.1876007796943,1894.0,3.9598732840549102,0.6273661115510863,6848.376143863474,2520.9141028753484,4.104600368357017,3.07548323929191,2.5008885643635375,2.3879514199754026,23246.26714285714,7709.752594642149
2011-02-06,3665.76,3665.76,2509.568872561761,11,2129,0,0,11,0.0,1156.1911274382392,31.540284345899327,579.0,1.8998272884283247,0.0,6409.804200492474,3222.5446709420885,3.89419265504408,3.1824257486674212,1.536484649043734,1.627667603503654,20547.315714285716,10712.721915294433
2011-02-07,27249.39,26362.95,18354.75425487752,53,9435,470,35,39,429.02,8008.195745122481,29.38853216575667,1897.0,2.79388508170796,1.5744205650108132,7212.88817422845,2713.021229366505,3.8342665796802886,3.201276254508902,1.450690229638447,1.6040598020918084,23393.705714285716,9146.402647804369
2011-02-08,22334.05,21890.49,12789.593450953269,58,10691,53,25,42,221.78,9100.896549046733,40.748975439057105,2655.0,2.1845574387947266,0.9930129107797288,7375.216108739224,2798.1528454030845,2.5855676607273503,0.708394285993109,0.9086693039131443,0.6401799706707966,22777.344285714287,9035.203761926427
2011-02-09,18020.62,18020.62,10614.405471283198,31,7552,17,2,22,0.0,7406.2145287168005,41.09855559196521,1508.0,2.0557029177718835,0.0,7276.621881000268,2780.611513854705,2.4714826430063646,0.7220765974826875,0.6399894050468353,0.5529287343343116,20780.844285714287,8160.350856705219
2011-02-10,17588.06,14414.82,12816.485282102924,66,12226,676,66,58,1468.92,1598.3347178970762,9.087612379631842,1508.0,4.376657824933687,8.351802302243682,6410.479464689395,3493.6687274423102,2.7528213433431126,1.0165201103891282,1.7280426152548514,2.9723815333924155,20034.882857142857,8182.603479744383
2011-02-11,28680.170000000002,21418.45,17616.73516895933,95,11114,736,95,70,2485.82,3801.71483104067,13.25555194073351,278.0,34.172661870503596,8.66738237604589,5746.800826234035,3483.4700930788154,7.349023672313584,11.867061207179685,2.887712037947314,3.8807734676659558,20617.12285714286,8691.151195896022
2011-02-13,6008.71,5652.25,3626.1448334903093,24,2791,41,15,21,178.23,2026.1051665096907,33.719470011195256,610.0,3.934426229508197,2.966194074934553,4728.236095110241,3360.6944801190393,7.34538837880691,11.868276293017175,3.2218303184306665,3.7522874532237407,17649.537142857145,9720.880091273888
2011-02-14,29597.48,28187.0,20798.0951700899,55,14404,135,23,46,481.48,7388.904829910101,24.964641685407344,386.0,14.248704663212436,1.6267601160639351,5618.623766891937,3069.628798271334,9.109513718061784,11.841681789689941,3.4542246207255145,3.565201615553396,21354.068571428572,8347.80911470281
2011-02-15,46139.25,35453.75,26427.545633052963,70,23037,190,23,48,3033.16,9026.204366947037,19.562962915407244,2800.0,2.5,6.573925670660012,5764.053570009731,3222.039423210693,9.067530134960647,11.868296239827425,4.168439635818257,3.626111900641897,24052.62,12561.121546963906
2011-02-16,26537.75,26101.170000000002,16497.733075778197,69,16665,166,7,56,218.29,9603.436924221805,36.18783402595098,3589.0,1.9225410977988295,0.822564083239913,5835.845052177598,3313.0925538891042,9.03009922910409,11.894007465343034,4.1440898033125695,3.6514728312173768,24653.148571428574,12565.75102823737
2011-02-17,27523.83,27502.23,14726.097538888413,73,14857,4,4,51,10.8,12776.132461111587,46.418439806929435,3144.0,2.321882951653944,0.0392387251338204,6602.976185376852,4231.658292381943,9.068124948230098,11.868391645768831,4.149695335474544,3.6440733880481004,26010.75,12238.854784138677
2011-02-18,17999.91,17250.41,16995.03774889221,67,9684,1825,36,49,280.35,255.37225110779036,1.4187418220857235,1226.0,5.464926590538336,1.5575077875389378,6411.124404406954,4517.181665009904,9.223591914745048,11.803645668014976,3.1790818333738664,3.2182480864378133,26069.58571428571,12192.518318925317
2011-02-20,10096.11,10004.51,6327.445432396384,29,5572,7,5,26,45.8,3677.0645676036165,36.42060722004432,1092.0,2.6556776556776556,0.4536400653320932,6393.317223915947,4529.411778736029,4.721165598341343,4.372924522004826,2.0056900747004662,2.2290273261446716,23414.72,13484.210581885553
2011-02-21,50988.7,25181.58,31943.1209643736,59,22197,135,51,41,12580.92,-6761.540964373598,-13.260861650470787,1516.0,3.891820580474934,24.67393755871399,5137.939205218335,6658.8207336705655,4.715079077050876,4.37423151831467,5.106796286668958,8.901500199599791,29840.432857142852,14487.179958863324
2011-02-22,34476.41,34061.65,24094.386942167483,64,22503,455,26,52,205.73,9967.263057832519,28.910385558799533,2887.0,2.216834083824039,0.5967268633828173,5506.276094921536,6871.986364444136,2.996240422852534,1.2565677624524687,4.959648679143084,8.976810331312825,30537.42285714286,14590.539123695573
2011-02-23,28211.99,27953.93,15824.709465952275,68,14146,146,8,53,98.84,12129.220534047725,42.99314062583931,1991.0,3.415369161225515,0.3503474940973678,5949.564118793064,7227.760691221836,3.1270074458847503,1.2438843389209684,4.070566082491277,9.09766668354792,27976.385714285716,12867.14964919307
2011-02-24,23954.75,23646.73,16266.239829367307,66,12249,172,24,57,154.01,7380.490170632693,30.81013231460438,3290.0,2.0060790273556233,0.6429205063713876,5632.000296851761,7087.947317782599,3.1389414358214354,1.230733784283536,4.044902714367202,9.108602723604537,27607.385714285716,12952.039702098251
2011-02-25,24330.23,19198.43,14483.623230538326,51,10970,685,8,44,2565.8999999999996,4714.806769461675,19.378389638986867,2085.0,2.446043165467626,10.546139514505205,4480.382340901774,6350.236678646695,3.15667860922339,1.2178228580769608,5.545888541420257,9.203712006797987,27151.15714285714,13011.5829879954
2011-02-27,10026.15,9955.25,6320.218691014553,35,5042,12,2,31,35.45,3635.031308985447,36.25550494442481,1560.0,2.2435897435897436,0.35357540032814194,4963.190777741439,6098.97826758022,2.6964876310878765,0.697835637373014,5.373898200390143,9.301395578082516,26012.048571428575,14237.540272882408
2011-02-28,23592.3,23588.4,12870.679330645857,61,10386,117,4,49,1.95,10717.720669354145,45.42889277159982,2395.0,2.546972860125261,0.00826540862908661,5968.998792277229,6423.44872012982,2.6809583745803915,0.7001010127969747,5.31027324943257,9.34209555720382,27940.075714285715,12535.033439830255
2011-03-01,30923.46,27476.36,16201.095747693229,67,12590,28,10,52,883.25,11275.264252306772,36.46184564180972,3279.0,2.043305885940836,2.856245711184971,8545.685251802995,3346.111664368452,2.416884846789806,0.4818572033915869,2.193460128356996,3.8017010195775205,25073.61285714286,7777.184743193263
2011-03-02,19788.28,18981.0,12443.795929017124,67,8828,124,45,58,394.34,6537.204070982876,33.035736663231354,1648.0,4.065533980582525,1.9927957356576722,8055.67682511019,3354.378606389934,2.680984832041019,0.7727548371342865,2.392898538681975,3.740094989345684,22975.308571428573,6728.169616761698
2011-03-03,38191.97,37069.21,36779.182958373334,85,20662,1749,50,62,561.38,290.02704162666487,0.7593927247708481,2496.0,3.4054487179487176,1.46989013659154,6364.363469050039,3898.6943785157073,2.679567625858619,0.771191043084851,2.5528332018954285,3.661300753400072,24401.019999999997,8770.26205857048
2011-03-04,20832.3,20768.440000000002,14250.179617703174,56,14206,468,7,38,31.93,6518.2603822968285,31.28920177943304,2627.0,2.1317091739626948,0.15327160227147268,6241.187785002058,3874.787568041047,2.6975147896596288,0.7541795802710133,2.4828833584525833,3.7082479632743417,23954.955714285716,8875.516619260134
2011-03-06,11130.72,10244.34,7248.898442940042,35,5291,63,24,28,409.14,2995.4415570599585,26.911480632519357,825.0,4.242424242424243,3.6757729958169825,5995.564183230384,4038.6999781291006,2.9541406577962883,0.9376593572895581,1.5014024272114088,1.4242173208965474,22069.311428571433,10100.159914681975
2011-03-07,36446.41,31046.19,18796.838689571086,107,14578,363,70,74,1830.97,12249.351310428912,33.609212293965065,3072.0,3.4830729166666665,5.023732104204502,7226.181326293737,4487.0813303741415,3.1312096825215634,0.8972776491560314,2.1685676706223176,1.8322983335383392,25843.634285714284,9781.138454027874
2011-03-08,26487.19,26358.89,18104.977853347285,61,15186,7653,16,43,64.14999999999999,8253.912146652714,31.161901835010486,1975.0,3.088607594936709,0.24219254666123508,6874.208680193532,4258.356170364934,3.208586073208913,0.8611248080681156,2.201985833198339,1.7879271488904662,26257.19,9731.156802857555
2011-03-09,23165.01,22901.57,20887.356092881128,79,15654,10824,32,51,131.72,2014.2139071188722,8.69507031129653,1975.0,4.0,0.5686162017629175,5551.201488023833,4098.768239236951,3.488113803788793,0.7269483514390236,1.8751816175666167,1.8561759226928225,25148.84,9551.273036553866
2011-03-10,28568.54,27471.58,21924.830383133805,90,17327,784,48,69,522.33,5546.749616866196,19.415586574834403,3364.0,2.67538644470868,1.8283398451583457,5409.707994578593,4076.090494959784,3.289521298663959,0.7327758015411917,1.851687918923856,1.8554798000177697,26403.16285714286,9303.282247676067
2011-03-11,36597.42,22888.94,14620.183983284598,66,11219,407,17,47,3479.9,8268.7560167154,22.593822233139388,1714.0,3.8506417736289387,9.508593775189619,6549.526419591269,3477.4464428534793,3.353120306618276,0.7632021833629127,3.000074153009296,3.4133984257215064,26175.37,8980.442094002621
2011-03-13,4305.18,4284.18,2840.3228899416886,17,2878,8,3,16,10.5,1443.8571100583117,33.53767113241053,768.0,2.213541666666667,0.24389224143938232,5824.611666414339,3977.942816647184,3.364810662718843,0.7416988502550709,3.0130199586047115,3.400951182779816,23814.352857142854,12210.828808831588
2011-03-14,26954.74,26611.82,17164.269765974375,61,17017,56,24,49,154.96,9447.550234025624,35.04968044219912,1908.0,3.19706498951782,0.574889611252047,6746.3414774094335,3960.609249445747,3.2154736265893544,0.6327881780781679,2.570036617952578,3.500724020532258,26074.92714285714,10861.569541546838
2011-03-15,32617.0,21782.56,13156.00540495689,65,9447,163,14,45,2833.46,8626.554595043111,26.448031992651412,2928.0,2.219945355191257,8.68706502743968,6228.799089497175,3303.929151863038,3.0350268320928673,0.7181068989001017,3.0933698927004607,4.143482492935945,25527.868571428575,10335.846252108007
2011-03-16,23582.04,22050.6,15427.384422852667,59,13261,364,11,49,765.72,6623.215577147332,28.08584658980873,2313.0,2.5507998270644183,3.247047329238692,5995.842436710693,3192.968496036996,2.9581971509682545,0.7398592663954694,3.522634861640097,3.9500044011921154,25112.847142857147,10349.223466893125
2011-03-17,44398.6,40824.0,30945.378881145178,88,22465,686,62,74,1100.69,9878.621118854822,22.249848235878662,1584.0,5.555555555555555,2.4791097016572596,7119.3291812443995,2931.362998986456,3.180419373190477,1.197190384310379,3.7955625044821457,3.7739568237603955,28146.217142857146,12559.030064987417
2011-03-18,42061.84,19221.08,25853.674726066292,76,14582,297,41,51,11401.33,-6632.594726066291,-15.768674708634457,1961.0,3.8755736868944415,27.10611328463044,5379.422846539759,6013.995073746838,3.3518746935027286,1.1987487692505387,7.406672995835302,9.431220144311792,30073.83142857143,13624.926557017283
2011-03-20,23720.84,23361.24,14809.398505701694,64,14652,31,10,57,172.85,8551.841494298307,36.05201794834545,2882.0,2.220680083275503,0.7286841444063532,5419.863629051602,6037.568028497969,3.119023023452237,1.2432005077588029,6.1524001914376925,9.685492094923925,28234.320000000003,13465.687371216294
2011-03-21,17650.72,16960.22,10876.031167367502,69,10542,110,28,58,345.25,6084.188832632499,34.46991869245276,1716.0,4.020979020979021,1.9560108596136587,6082.768160847915,5777.398050471454,3.377228359782574,1.211075498539248,6.39698856546259,9.531815109106095,30140.825714285715,10015.936616430961
2011-03-22,33467.42,33060.96,21568.17977665315,83,17235,1800,30,42,203.23000000000002,11492.78022334685,34.34020376636995,1836.0,4.520697167755991,0.6072472870630602,6374.94387360809,6022.44240304637,3.5663186709594554,1.2796483392797628,6.401611090578449,9.52852833958034,31071.20857142857,9973.044665188667
2011-03-23,25215.73,25090.53,16776.047014447384,88,14921,3332,17,58,62.6,8314.482985552615,32.97339789707701,3843.0,2.2898776997137653,0.24825773435867218,6330.362215109448,6004.123908393097,3.5763090058912423,1.2676014774267168,5.1960671915668755,9.723032955230522,30013.884285714284,10172.195231829875
2011-03-24,38066.52,37796.44,25006.866780096367,95,19292,412,28,69,135.04,12789.573219903636,33.5979575225254,2648.0,3.5876132930513593,0.35474742634735196,7211.27044978892,6487.175450216377,3.724425215317948,1.1857326050471884,4.7828814911538275,9.879852063460325,32083.09571428571,10118.845491500617
2011-03-25,33771.34,32294.98,22419.693068736928,67,14851,876,44,51,738.1800000000001,9875.286931263072,29.241620057904345,1631.0,4.1079092581238505,2.1858179154276973,7210.794137275812,6486.947080677019,3.5176186013991324,0.90649597565351,4.7409826645496045,9.891864897916157,30564.915714285715,8654.388422983015
2011-03-27,10176.67,9653.93,6572.528147511435,46,4883,122,22,43,261.37,3081.401852488565,30.27907805292463,1645.0,2.7963525835866263,2.568325395242255,8598.50793421222,3276.5610251585213,3.363444158069445,0.9270126064985201,1.2355843946370064,0.9661435101653892,26009.89142857143,9896.583631281474
2011-03-28,31012.09,16993.47,111642.30644842084,85,13965,406,33,53,3969.69,-94648.83644842084,-305.1997993312313,656.0,12.957317073170731,12.800459433724074,-6144.4460576048,39164.06560948678,4.897249442340192,3.6383304656971305,2.9601237216823955,4.439814847223178,27051.49857142857,9998.681758534389
2011-03-29,74072.35,73693.05,37313.24185117969,95,33757,515,40,51,180.45000000000002,36379.80814882031,49.11388412656046,2278.0,4.170324846356453,0.243613170096534,-1816.5004410065417,42289.870934810184,4.9185845602512535,3.632769252967105,2.7154954803228053,4.550165223512051,35111.73142857143,19440.74834289174
2011-03-30,33841.07,33049.01,23877.05933485306,118,21754,1452,50,75,396.03000000000003,9171.950665146942,27.103016143245302,3715.0,3.1763122476446837,1.170264415398213,-2148.047520749386,42177.084504393715,4.726529571663924,3.692358714866395,2.795926498656399,4.511499490675738,35165.11,19435.99346692712
2011-03-31,39916.98,32305.64,24732.757907646686,94,17713,803,109,71,3331.8199999999997,7572.882092353313,18.971580746723106,3715.0,2.5302826379542394,8.346873936855943,-2253.9905054921433,42147.34492286178,4.760873134269707,3.666948076220939,3.9528716704417235,4.779723010483257,37265.28857142857,18970.42394609693
2011-04-01,28269.84,25718.38,20639.769328909064,107,19539,1370,34,68,1275.73,5078.610671090937,17.964766235291524,4632.0,2.3100172711571676,4.5126891415020385,-3355.5565838939574,41787.8694518702,4.578359416856251,3.765546135016618,4.54686334403525,4.508725376211004,35865.76285714286,19260.61320325474
2011-04-03,7361.75,7231.65,4681.680117357859,22,5875,19,6,18,65.05000000000001,2549.969882642141,34.63809396736022,507.0,4.339250493096647,0.8836214215369987,-4402.030447982662,41491.98812189754,4.611408164709507,3.7617422904167466,4.360835273479436,4.647117168634252,32092.96428571429,22114.404823643697
2011-04-04,54738.38,26194.260000000002,19819.11322155842,81,14426,1045,54,57,8181.22,6375.146778441584,11.646575544328465,2679.0,3.0235162374020157,14.94603968915412,-3931.495458560802,41609.50700177836,4.643860115254562,3.744414339244584,6.129080172609703,6.007229236082012,38458.92285714286,21146.687298277335
2011-04-05,35902.42,30004.04,21967.50595632306,96,16743,1301,78,54,1790.9399999999998,8036.53404367694,22.384379781855763,3329.0,2.883748873535596,4.988354545459609,10737.843183167453,11513.59875815138,3.204778943878115,0.7758409556809918,5.013065188571922,5.237625832500558,39157.541428571436,20939.429369989553
2011-04-06,18249.83,18060.01,12266.716897942162,89,10092,950,42,42,83.01,5793.293102057836,31.744367493055197,2435.0,3.655030800821355,0.45485355206048494,6368.341033629957,2185.8676059089717,3.131165508801672,0.6884875224231032,5.043242385995343,5.206079655742921,31182.895714285718,15295.325722623966
2011-04-07,19800.47,19226.79,12437.802120507311,81,11053,190,28,65,283.89,6788.98787949269,34.28700368977448,1762.0,4.597048808172531,1.4337538452370069,6027.917778536491,1833.648639466942,3.3341278745913647,0.8852974996247882,5.080883733115171,5.174265219328023,29177.09571428571,15800.912541659181
2011-04-08,30244.23,26251.23,20109.884141497783,136,13727,4148,61,72,1996.5,6141.345858502216,20.30584299386103,3945.0,3.447401774397972,6.601259149265827,5823.412602272049,1708.156834458241,3.4651448940833265,0.8112763167984869,4.831510192030868,5.030700127116838,27795.274285714288,15113.132648930283
2011-04-10,10923.93,9823.73,6922.502033305984,37,5831,106,7,32,550.1,2901.227966694016,26.558463544658522,1627.0,2.2741241548862936,5.035733476871419,5512.357930215346,2033.6316731116574,3.46001730604463,0.8198619908278729,4.906230811369352,5.0290595659124095,25317.28714285714,16390.41780133414
2011-04-11,23562.8,23072.98,14850.933302507998,74,14391,142,37,60,242.96,8222.046697492002,34.89418361778737,1778.0,4.161979752530934,1.031116845196666,6322.654618051041,1769.3949957624714,3.4346929145352427,0.7903852551605878,4.927301586177876,5.009668232690542,27631.722857142857,14462.914624023439
2011-04-12,27583.13,26683.13,17523.414118422046,81,15955,221,42,63,446.05,9159.715881577955,33.2076739716557,2682.0,3.0201342281879198,1.6171116185871581,6720.45020421338,2070.548389263354,3.4342097703618,0.7906794673002512,3.02316900466831,2.4420910793661714,23752.40142857143,8316.078333694815
2011-04-13,26141.22,24743.98,17377.453451917812,79,19461,671,33,64,586.22,7366.526548082187,28.179735100665486,3393.0,2.32832301797819,2.2425120174192332,6624.734847699843,2014.2919250938019,3.354863219567885,0.8781563361539404,2.6309057863768266,2.289586248450212,22357.94428571429,6575.3945500273485
2011-04-14,39794.98,38035.92,31012.854882939064,109,20160,2602,64,90,808.49,7023.065117060934,17.64811822260228,3295.0,3.30804248861912,2.031638161396236,6800.416564128856,1983.076520866399,3.3052934606818516,0.8681246820400431,2.8561607305676486,2.1103700688605045,25435.82285714286,8946.834979894165
2011-04-15,29639.721,29625.741,15518.167048271906,57,13028,3,3,40,6.99,14107.573951728096,47.59685137295353,2918.0,1.9533927347498286,0.0235832179391972,7845.928860162487,3399.4681365835363,2.9276283073357514,0.7834145028914544,2.6547077838108186,2.325157412397673,26841.43014285714,8682.938940091892
2011-04-17,13127.82,13085.42,8022.421043713748,44,8371,2,2,39,21.2,5062.998956286252,38.566943759788394,2415.0,1.8219461697722568,0.1614891124345093,7691.879302703063,3512.1521997949208,2.695420363817792,0.8423533036558163,1.7347406356920594,1.6908891518156657,24396.228714285717,9891.002290993853
2011-04-18,95259.38,30652.96,74763.01547962264,96,34146,12480,78,67,23840.57,-44110.05547962264,-46.3052095023321,3534.0,2.7164685908319184,25.027005214604586,975.9816675149694,20078.090953790037,2.758612426095738,0.8218226090155764,4.590636598225369,9.052574955753515,36444.15014285715,27113.9818180416
2011-04-19,26114.64,24742.32,15618.13597077585,75,15286,106,30,64,501.05,9124.18402922415,34.93896155269286,2849.0,2.6325026325026326,1.918655589355243,1104.8584291909904,20135.1678118278,2.540115694663124,0.5423148654521173,4.71742784739088,9.000476371380953,36808.69871428572,26928.44651057233
2011-04-20,30063.55,29201.39,18508.79959284,89,18849,417,33,67,431.08000000000004,10692.590407159998,35.56662605434155,2963.0,3.0037124535943303,1.4338958639282455,1323.8405042741394,20245.403184926694,2.537769726864039,0.5399225433880789,4.691254168153892,9.011254773967995,37163.044428571426,26802.843057269518
2011-04-21,37102.36,32522.3,22471.99084882172,112,19446,143,18,69,1417.03,10050.30915117828,27.088058956838,2528.0,4.430379746835443,3.8192449213473214,1707.2380190021527,20403.7020560923,2.838063545272218,0.8809056172831269,4.916501725857906,8.959400857740954,38728.921571428575,26368.268954672534
2011-04-26,33460.66,32516.24,19744.817886192155,86,16970,539,39,62,461.89,12771.422113807846,38.1684704181204,2470.0,3.4817813765182186,1.3803971589323103,2528.431875680283,20765.773049492946,2.862883386400661,0.8986238095781883,4.823467296934488,8.997649621484989,37824.018714285725,26434.194398989763
2011-04-27,27609.38,26903.92,19669.43980081261,92,19327,792,32,64,351.88,7234.4801991873865,26.2029795641459,2779.0,3.3105433609211947,1.2744943928476482,1546.5613396030387,20283.925710674004,3.0567620472822847,0.8119166796512642,5.00216889334998,8.898304838041474,37533.969999999994,26549.84939797902
2011-04-28,25481.97,22960.65,16556.345010733876,101,14456,662,60,60,1259.65,6404.304989266126,25.13269181804282,2779.0,3.634400863620007,4.943299124832185,1738.176487171592,20328.96611044294,3.3156841464033917,0.6184475112559161,5.685284609406791,8.6446874753794,39298.84857142857,25023.83527061911
2011-05-01,7131.56,7109.66,4365.423319474591,21,3896,6,5,18,9.0,2744.2366805254087,38.48017377019065,468.0,4.487179487179487,0.1261995972830629,8431.64679576417,3289.7605775301686,3.568642845881616,0.6904454203629572,2.1280266640751453,1.6636511481777354,26709.16,9581.279993621265
2011-05-03,59847.99,14762.61,19141.272324665293,126,13331,742,76,62,15611.550000000001,-4378.6623246652925,-7.316306403381789,2780.0,4.532374100719425,26.085337201800762,6502.668745208536,5809.659566179157,3.8400530556268717,0.6320685867015462,5.580409751567362,9.193137476141935,31528.21,15737.807223996198
2011-05-04,29285.69,29121.99,22037.24293030373,77,18134,1620,18,62,81.85,7084.74706969627,24.1918393239028,3867.0,1.9912076545125421,0.27948803664861577,5987.262554142289,5529.266565277961,3.6954095129009024,0.9100710249953535,5.415494347670273,9.2897656402596,31417.087142857144,15752.611880400154
2011-05-05,31452.48,30605.2,20519.87340405567,110,18560,152,37,93,423.64,10085.32659594433,32.065282597570466,2479.0,4.4372730939895115,1.346920815147168,5992.265046251726,5533.569350879207,3.6963942767800546,0.9110021188296891,5.062305189641679,9.406828673847842,30609.96142857143,15556.281947017887
2011-05-06,39208.43,38006.01,26404.896846056592,113,21320,805,34,69,411.77,11601.11315394341,29.58831341612865,5021.0,2.250547699661422,1.0502078252049367,5825.078051985377,5307.681299731805,3.5205037515147986,1.0651604302117559,5.015135284823482,9.429169791224375,31431.071428571428,15880.15048257146
2011-05-08,19885.08,19768.12,12414.282911492977,67,11090,10,6,58,58.480000000000004,7353.837088507022,36.98168218838959,3317.0,2.0198974977389206,0.2940898402219151,5842.129036173897,5313.152537240525,3.336125771060188,1.209488151936648,4.875077491591235,9.50100012472008,30327.600000000002,16448.181887533963
2011-05-09,32480.21,26180.31,19753.714265017523,84,13919,411,18,63,1839.2800000000002,6426.5957349824785,19.786188990103444,2140.0,3.925233644859813,5.662771269028126,5845.313428419089,5313.552293290804,3.3776733112373027,1.2263201191313882,4.977859226476369,9.505751582771477,31327.34857142857,16316.725793415619
2011-05-10,53423.53,48240.69,33617.89655140309,116,20664,2085,56,74,2255.86,14622.793448596909,27.37144746630728,5280.0,2.196969696969697,4.222596297923406,7542.250109572161,6009.344773636723,3.0505004840644756,1.1858139866724076,5.563058755139275,9.280719175037442,37940.48714285714,14107.2267560622
2011-05-11,34927.31,33952.53,21949.98454250887,97,19378,2693,41,66,446.89000000000004,12002.545457491127,34.36435688145216,3800.0,2.5526315789473686,1.2794858808193361,9882.42264988022,3058.4466740388857,2.767680123811325,0.9940608133355401,2.0193657092847865,2.084516392359257,34380.39,10283.51102391754
2011-05-12,69372.54,61983.06,52208.980750257906,106,39266,3044,40,84,1991.12,9774.079249742092,14.089262480142853,3788.0,2.79831045406547,2.870184658079407,10266.612961315337,2807.0183059677606,2.8829805237474573,0.9339799114212249,2.389465226632042,1.949750177962642,40107.08285714285,16347.441746067092
2011-05-13,32209.02,32197.26,19941.653456704753,77,15863,173,6,52,5.88,12255.606543295246,38.05023109456682,3495.0,2.203147353361946,0.01825575568582962,10576.65295379404,2901.9093646701863,2.5638197036578054,0.6541168590441963,2.1996559324232794,2.1249587081008814,40215.159999999996,16283.061707621204
2011-05-15,10481.14,10481.14,6811.123522063597,31,5111,0,0,29,0.0,3670.016477936402,35.015432271073585,1852.0,1.6738660907127432,0.0,9443.639142935896,3833.8956341940525,2.4814366166651367,0.7318449819080586,2.0496262431082886,2.2528644722858955,36111.26142857143,19815.95799316251
2011-05-16,57476.12,26071.82,37366.857832359485,87,16636,1541,29,54,14371.509999999998,-11295.037832359485,-19.65170549501164,1846.0,4.712892741061755,25.004314835448177,6779.514154240681,8796.164417655507,2.8661502228541136,1.0757887517664682,5.5796583852834685,8.822889944332664,41481.409999999996,19779.332207257823
2011-05-17,59884.67,56190.83,37096.07606369207,121,27670,260,61,81,1548.16,19094.753936307934,31.885879869268603,908.0,13.325991189427313,2.585235920979443,8589.251040144318,9940.234714535432,4.209115586363756,4.135328528035249,5.140010478419371,8.894445345158337,45396.33285714285,20403.03868600762
2011-05-18,35920.1,35627.8,22820.822911799205,89,19643,288,17,66,146.15,12806.977088200798,35.65406858054626,3279.0,2.7142421469960354,0.4068752592559598,8329.848702944873,9778.924183282963,4.283011650653234,4.0978316080986135,4.594907472895451,9.075130000959991,42895.84285714286,20327.730932760067
2011-05-19,38503.0,36001.8,25662.42288755574,124,18988,564,58,96,1250.6,10339.377112444265,26.853432492128576,3279.0,3.7816407441293074,3.248058592836921,8092.2532250810345,9694.65910346516,4.458584388536367,4.037216871792782,4.87613214604082,8.985323937408108,43406.65571428572,20138.159934542065
2011-05-20,28254.8,27331.5,17931.42920648237,90,15887,421,24,71,461.65,9400.070793517629,33.26893410506402,2289.0,3.9318479685452163,1.6338816767416509,8038.823445620398,9684.870981933205,4.620518319176331,3.981877780493851,4.69951743442114,9.04328748342883,37532.69285714285,17064.096912391546
2011-05-22,25639.04,25585.9,16357.038464835825,62,13369,14,12,57,25.720000000000002,9228.861535164177,35.99534746684812,3201.0,1.936894720399875,0.10031576845310902,7606.431301601674,9531.58386469615,4.582482228753178,4.0099902322630125,4.7112402933878945,9.036258205410894,36594.124285714286,17578.640113626407
2011-05-23,46905.7,31914.74,22576.777978049635,122,18831,1893,87,74,3946.05,9337.962021950367,19.907947268563024,2107.0,5.790223065970574,8.41273022255291,8416.137807889383,9381.009277663776,5.170533225218583,3.8091576550766493,5.913058896609739,8.863017178491868,41797.63285714285,13471.925528677179
2011-05-24,39601.68,38219.42,22886.61320186124,101,16373,460,51,76,631.13,15332.806798138758,38.71756652278074,4128.0,2.446705426356589,1.5936950149589613,12220.115612246274,3786.778429688846,4.846792180260701,3.9482957813710664,2.5686846365398504,2.8049188258427087,39244.14142857143,11563.748564896581
2011-05-25,25792.68,25075.72,48515.08239092802,91,16460,5400,28,60,255.84,-23439.36239092802,-90.8760252557238,2065.0,4.406779661016949,0.9919093324152435,6143.813279783994,13240.881858705317,3.5726191047735063,1.320758207692277,2.3410665524592504,2.8673069300500433,34373.857142857145,8074.593869286809
2011-05-26,36918.6,36341.72,24080.888138841055,78,17392,157,21,58,288.44,12260.831861158946,33.210446390597006,3895.0,2.0025673940949935,0.7812863976423808,6065.792533063731,13196.611106049215,3.4709512829305003,1.421402500448777,2.3945538579430248,2.828441447051707,34516.5,8115.179370233721
2011-05-27,29636.84,29217.16,27647.57732674497,85,17430,309,36,63,209.84,1569.5826732550304,5.296052727804416,3895.0,2.1822849807445444,0.708037699025942,4812.964756036697,13139.435578820838,3.2424718881612486,1.4900236838130556,2.0316937302557423,2.8634093965162477,33249.90571428571,8081.108516573017
2011-05-29,8513.88,7955.88,6212.330977220177,25,4378,60,3,20,186.0,1743.5490227798227,20.478900604422694,689.0,3.6284470246734397,2.1846678600121217,3719.1759316455823,13012.005720217438,3.1991288961795665,1.4709186806814274,2.1103774707229523,2.8582188209238955,30429.774285714284,12403.452390764533
2011-05-31,24645.87,23153.670000000002,14395.728039159314,62,12322,217,14,53,746.1,8757.941960840688,35.535130067799145,1438.0,4.3115438108484,3.0272820557764852,3651.901706742227,12979.949949029235,3.538364480529356,1.4035833277195058,2.5285155117691493,2.726199399385895,30287.89285714286,12472.872488400217
2011-06-01,21779.82,20962.34,12631.877077471738,65,11353,115,39,55,404.49,8330.462922528262,38.24853888842178,2363.0,2.750740584003385,1.8571778830128074,3507.973263967641,12911.798541392416,3.1041526973911857,1.0041565409465303,1.5920080346919916,0.8446268069491117,26698.481428571427,10323.790948998094
2011-06-02,35840.74,35169.08,25519.84696907485,86,15618,820,48,54,324.13,9649.233030925152,26.92252735553215,2746.0,3.1318281136198105,0.9043619077061468,2696.034154365697,12203.557657718131,3.2020273670002175,0.9618952654498697,1.493531876513018,0.8836796301121328,26161.204285714284,9613.80646663238
2011-06-03,17439.06,17111.260000000002,10301.579643832567,53,7925,135,11,40,162.25,6809.680356167435,39.04843699240346,1733.0,3.058280438545874,0.9303827155821471,7017.325975379334,4014.7459136877746,3.009384620932921,0.8021753243923982,1.484742359822576,0.8897854744764001,24967.829999999998,10169.584096364712
2011-06-05,26708.57,26462.690000000002,16660.646271314406,70,13960,32,7,62,119.19000000000001,9802.043728685596,36.6999945286685,769.0,9.102730819245773,0.44626125621850965,6666.070527883142,3561.501199738661,4.023693681668747,2.337175588033014,1.4368816253334515,0.9414410324966493,23509.254285714287,8811.354554520132
2011-06-06,19607.02,17611.66,12229.953051961738,73,9894,295,54,66,997.68,5381.7069480382615,27.447857696061213,2384.0,3.062080536912752,5.088381610259998,7210.65970999503,2878.22585650682,4.149378761121348,2.2434227955564494,2.0626450412240307,1.6009917243354732,22076.42285714286,8457.234565039053
2011-06-07,40577.57,39940.83,30483.27302096223,98,19624,320,37,83,313.42,9457.55697903777,23.3073517685701,2998.0,3.268845897264843,0.7723971642461587,8312.660846603309,1651.439120996887,4.098007171491548,2.2613849003976507,1.860892084686036,1.670527223951678,26656.95,8569.618558539656
2011-06-08,45988.53,45341.69,26530.771592608024,113,22091,500,30,75,323.42,18810.91840739198,40.90350008446014,16389.0,0.6894868509366038,0.703262313450767,9748.800338967778,4319.358885170567,3.58057046293272,2.594269250168461,1.5288892643537906,1.6305432248902048,29705.90142857143,11144.67722178536
2011-06-09,50087.87,47134.39,62996.8575680337,110,37127,2090,33,88,873.35,-15862.467568033702,-31.66927954419643,2492.0,4.414125200642054,1.743635734560084,6292.667411744641,10663.430859533371,3.8181968367382444,2.581741320385521,1.5126689574319732,1.6272946972527054,33749.90857142857,12801.997903326703
2011-06-10,141910.13,-15523.63,17414.163110525406,92,11517,2928,45,51,39693.78,-32937.7931105254,-23.21031846741695,2234.0,4.118173679498657,27.971068732020747,208.8065343945626,18032.015527875043,3.959103346149508,2.5648986673834324,5.379341360905487,10.090484965426326,48902.67857142857,42954.16889857779
2011-06-12,13468.460000000001,13402.06,8857.615717707757,40,9890,9,7,38,33.2,4544.444282292243,33.741380100562665,1656.0,2.4154589371980677,0.24650182723191813,-114.79861901617967,17913.750218700676,3.867271703099821,2.613572135329952,5.281644091141168,10.143908815803185,48335.450000000004,43462.121571545875
2011-06-13,25501.39,21292.83,15332.783943300743,87,11694,1916,69,72,2084.28,5960.046056699259,23.371455660649318,3077.0,2.8274293142671434,8.173201539210217,-663.655429299942,17615.6462199826,2.9708000595314457,1.2267956921835872,6.3854927029971265,9.948568752923892,48162.99571428571,43564.512016058
2011-06-14,41710.39,41003.07,35090.95836107371,66,14983,28377,14,45,262.08,5912.11163892629,14.174194101101165,3250.0,2.0307692307692307,0.628332652847408,-587.8833306016523,17647.096394171895,2.8234698729395142,1.2749868344722342,5.748342851938185,10.185486377824814,51320.619999999995,41919.76160234494
2011-06-15,54664.47,46717.090000000004,34874.28170885968,90,31377,746,39,48,2958.81,11842.808291140325,21.664544248101784,1828.0,4.923413566739606,5.41267481418918,-247.13314315843022,17894.68503597175,3.0598366828644807,1.504098146216605,6.411239659072903,9.956081967181909,53333.03428571428,41655.36781637146
2011-06-16,36487.41,35556.01,27344.709574578726,107,20958,2140,33,82,452.95,8211.300425421276,22.504475997121403,2796.0,3.82689556509299,1.2413870976317583,-1761.3642834399595,16399.207364621005,3.508037927743964,1.0906800563882038,6.4881146282416156,9.906617406445887,51975.73142857143,42087.12278229863
2011-06-17,21834.64,21283.74,12990.078318470503,62,12018,86,19,39,275.45,8293.661681529498,37.98396347056558,2915.0,2.1269296740994856,1.2615275543814781,1689.5113236404982,15451.573001109346,3.1812957096664545,1.1162915117384131,6.419242031073244,9.946694082723726,47939.555714285714,43624.99626649377
2011-06-19,24265.8,24099.920000000002,15968.993475362982,64,15634,22,11,57,82.17,8130.92652463702,33.50776205456659,10272.0,0.6230529595015576,0.3386247311030339,7556.471271520844,2380.4668119462467,2.6819927496668687,1.3783070504813335,2.471750030942142,3.0831304441826974,31133.222857142857,13974.082586504848
2011-06-20,50171.87,35854.97,23999.732343745916,102,17547,1219,45,64,4021.58,11855.237656254085,23.62925212126653,4139.0,2.4643633727953613,8.015607151975798,8600.870324943966,2441.701374854504,2.6889790976093395,1.3768540567494576,3.5816222201912677,3.516486605740561,36376.567142857144,13099.793433156026
2011-06-21,27923.420000000002,23629.14,34174.42013406296,85,14660,6447,90,63,2054.36,-10545.28013406296,-37.76500204510393,1746.0,4.868270332187858,7.357121727925878,6242.9665834065045,7707.729754673604,2.9805278144551557,1.6077675932838105,3.465039390007791,3.3484006950115575,36722.57142857143,12793.069177737669
2011-06-22,22637.99,22575.89,14042.855018325174,68,16155,71,9,57,31.05,8533.034981674826,37.69343029869182,2330.0,2.9184549356223175,0.1371588201956092,6617.3842037991535,7752.507295704635,3.107340058005597,1.5544957415661154,3.394871699628962,3.4220886099718384,33997.942857142865,13561.634659761996
2011-06-23,27207.74,25268.72,16340.532460293021,90,15157,467,25,74,969.51,8928.18753970698,32.81488113201236,4226.0,2.1296734500709893,3.5633610141819934,6201.009810737247,7499.215491614388,2.708234327052937,1.356555280792324,3.1306840139136503,3.3098951653589244,30075.552857142862,10122.689986519952
2011-06-24,32574.39,9685.83,19492.875903010874,63,10524,159,16,45,10902.08,-9807.045903010874,-30.106614131564317,1793.0,3.5136642498605686,33.46825527661454,3626.960335246939,9515.477413150722,2.663486996305448,1.3181269228764654,7.734522325196905,11.7909847831617,29516.55,9812.899682435063
2011-06-26,8195.32,6377.38,5019.428056015246,36,3864,292,42,30,907.3199999999999,1357.9519439847545,16.56984649757123,1032.0,3.488372093023256,11.071196731793268,2636.144658454833,9307.38192769296,2.8579787704374153,1.3261789610386916,9.135903636255732,11.472071744605397,27568.075714285715,12561.616431517195
2011-06-27,18430.31,18046.51,12406.9344569659,61,10525,83,26,42,191.9,5639.575543034098,30.599461121566033,2118.0,2.8800755429650615,1.0412195996703255,2280.2373753687016,9107.738737378935,3.1804105680750587,0.8972516237826774,9.236274331765346,11.385018330110611,26734.434285714287,13003.168045848013
2011-06-28,38743.94,36916.840000000004,32329.809769319436,84,22881,2337,47,48,902.6800000000001,4587.030230680568,11.839348890898984,3215.0,2.6127527216174182,2.329861134412246,1241.922028858199,8203.651636485682,3.20160904647821,0.8790837156432306,8.424024900684838,11.685476207543925,25101.872857142855,9922.636681557551
2011-06-29,23274.08,22648.3,14718.128769002555,67,12584,567,43,44,312.89,7930.171230997445,34.072974016577426,1918.0,3.4932221063607924,1.3443710771811386,3881.272223866828,6593.314258069601,3.005173585645772,0.528188599232988,7.565060522007017,11.99389151774211,24437.68142857143,9857.687008606461
2011-06-30,46480.41,44527.590000000004,30301.97457764251,80,22304,669,12,59,962.76,14225.615422357492,30.605615187898493,2256.0,3.546099290780142,2.0713242417612063,4694.498001107209,7545.063990603794,3.0948370649540324,0.563131555932214,7.841369867944961,11.81519917365442,27843.741428571433,12809.36011626063
2011-07-01,14856.7,13814.56,9126.137203956825,70,7956,480,52,41,503.24,4688.4227960431745,31.557632556645647,2420.0,2.8925619834710745,3.3872932750880076,4088.817323440951,7315.234217594767,3.2038211411540445,0.3934748189229006,7.816217333788677,11.826006645462117,26079.307142857142,13729.192670719016
2011-07-03,6282.9400000000005,6172.4400000000005,3769.978017564141,27,3185,11,4,24,55.25,2402.4619824358597,38.237862886417176,1060.0,2.547169811320755,0.8793653926346583,5833.032735647627,4272.561246844819,3.0657505070769284,0.43410411880027294,3.1606616360772644,3.5939780959021643,22323.385714285716,15176.219438257001
2011-07-04,53593.75,51818.23,42780.08709988915,64,17726,55,16,40,498.08,9038.142900110855,16.864173341314714,2612.0,2.4502297090352223,0.9293620991253644,6930.20287223707,3901.8923734155455,2.9174444522214955,0.4429018631560882,1.7118281171247067,0.9316985820274106,28808.875714285714,17633.813146821918
2011-07-05,43604.91,42741.41,25049.49835575721,88,23019,438,29,67,423.46,17691.911644242795,40.5732098615564,2568.0,3.4267912772585665,0.9711291687105877,8651.96517240974,5548.96361832277,2.99554669997771,0.4817174807199616,1.7018151984161727,0.940442344965327,32405.247142857144,17731.22945875792
2011-07-06,27833.38,27603.56,18135.802466773104,77,19908,54,23,65,107.96,9467.757533226897,34.01583829641566,2185.0,3.5240274599542336,0.3878795891839223,9349.21192991636,5251.741508527128,3.125728805454398,0.48415552030987824,1.4243892633835549,1.0082840098164798,30846.595714285715,17559.87932199885
2011-07-07,35680.45,33479.99,23896.354324962624,93,20856,849,46,79,1087.99,9583.635675037374,26.859626700440646,2185.0,4.25629290617849,3.0492608697479993,9585.421136207779,5214.330377230479,3.2347389197140686,0.641142318007193,1.6679449480359636,1.1774541104341962,32618.934285714284,17292.24795367844
2011-07-08,29021.96,28532.02,17948.477689025087,93,13260,1058,52,52,242.02,10583.542310974914,36.46735889297247,2074.0,4.484088717454195,0.8339202452212049,9065.124977438838,4842.611793821343,3.3687374092389333,0.7963061912895155,1.4911729485302492,1.1994813507446003,30124.87,16183.25396901792
2011-07-10,6906.81,6303.21,4757.00158743059,29,4475,41,5,20,301.8,1546.20841256941,22.3867228513512,1406.0,2.062588904694168,4.369600437828751,8616.237208371158,5426.377192846222,3.250169826556519,0.929649959204481,1.631502543207498,1.4823831498116105,28989.17142857143,17646.146276421052
2011-07-11,24002.32,23651.34,15927.355512318132,68,15804,188,25,49,175.49,7723.984487681868,32.180157950072605,503.0,13.518886679920477,0.7311376566931864,9376.454709120588,4740.1303507790435,4.817557950642192,3.9357526250252555,1.6103271523587168,1.4959148077584086,31520.51142857143,14903.919152170967
2011-07-12,30000.48,29259.46,19161.675230933222,66,15124,221,21,52,370.51,10097.784769066777,33.65874402365154,3144.0,2.099236641221374,1.2350135731161636,9527.832118971433,4744.443606086921,4.767416083811644,3.9729988808295205,1.6539916486431163,1.477067332803621,28150.044285714284,11316.088324091037
2011-07-13,34519.71,12458.97,21565.502747744114,66,16776,95,9,53,11029.89,-9106.532747744115,-26.380675700184376,3242.0,2.0357803824799507,31.95244108365916,5699.482920116161,7223.249812934295,4.568700241700412,4.084451482429808,6.079893350778627,11.49999900938239,26852.15857142857,9645.82245953735
2011-07-14,36177.06,34096.36,31277.542379835104,91,21450,3981,73,70,1026.17,2818.8176201648967,7.791726636064116,2388.0,3.8107202680067003,2.836521265133209,4749.634361107303,7080.9001331693,4.609656357136479,4.073653439477403,6.429699304485667,11.334047200667804,28044.112857142853,10281.837153864642
2011-07-15,15963.76,15248.76,9448.673414550907,62,7616,564,18,41,357.5,5800.086585449093,36.33283503040069,2665.0,2.3264540337711073,2.239447348243772,4209.127348308977,6788.7864223764855,4.333965089649711,4.165813675341336,6.314011658556493,11.378348721054877,25227.442857142854,10538.6821007416
2011-07-17,18831.8,18792.0,12782.214409047436,53,11502,2,2,45,19.9,6009.785590952564,31.91296419329307,1740.0,3.045977011494253,0.10567232022430145,3555.7335311629276,6273.575086030933,4.128520560226861,4.192551837666457,6.209976240699791,11.43996816408579,23771.705714285716,10630.573952269127
2011-07-18,70294.95,30575.75,20572.224033237944,107,16052,960,78,56,10388.34,10003.525966762056,14.230788935424318,3933.0,2.7205695397915077,14.778216642874062,4763.921753190449,6626.51581139235,4.222517793812195,4.145627205869725,7.696921412849122,11.830666003023593,32827.154285714285,18184.39864707279
2011-07-19,53509.74,51332.340000000004,33218.56866865533,88,29982,3066,94,71,866.0500000000001,18113.771331344673,33.851353662612965,3461.0,2.542617740537417,1.6184903907213906,6248.177016570849,8341.659380791785,2.6544793739003296,0.6199096571861581,7.8236860891388655,11.748054050364711,37042.49999999999,19190.02258186879
2011-07-20,45581.7,25637.260000000002,23836.29629455624,75,18388,946,26,51,6002.83,1800.9637054437626,3.9510674359310043,2693.0,2.784998143334571,13.16938595971629,5062.916864624704,8292.808353657594,2.7524453027736437,0.5696910409566622,9.52859643008174,11.49579278482687,39268.388571428564,19140.653208935906
2011-07-21,37371.51,31318.29,23294.419127009933,106,20768,352,82,74,1861.47,8023.870872990068,21.470555706713665,2434.0,4.354971240755957,4.980986853354333,7510.117381872445,5457.356442818437,3.083758282527359,0.7340969546469128,5.675531540038194,5.871522956843357,39675.788571428566,19052.88258334545
2011-07-22,21513.2,21285.44,13247.06882754836,58,10708,284,21,42,109.63,8038.371172451638,37.364832625790854,2002.0,2.897102897102897,0.5095941096629045,8255.76788934198,5050.993828311882,2.9532415152553875,0.6608724223495838,5.343113374971009,6.1196692221979525,37580.951428571425,20268.999859478718
2011-07-24,30679.46,29432.94,21704.58903508013,63,18505,399,9,55,623.26,7728.350964919868,25.19063557481086,2050.0,3.073170731707317,2.03152206720718,8531.234229266376,4946.2419730661295,3.059915329246274,0.6003303956443578,5.313409763394352,6.1377225198916765,39683.194285714286,18322.962712070588
2011-07-25,28127.12,27640.62,16727.12885514509,70,16535,678,12,53,199.5,10913.49114485491,38.80059936763846,2050.0,3.414634146341464,0.709279869392956,9231.763594109569,4876.373532586968,3.112580634224447,0.6148977185499512,5.3996394132755885,6.0560611556154225,41011.09714285714,16836.491630484
2011-07-26,23040.401,22294.481,14668.963264516688,89,14660,496,46,57,372.96,7625.517735483312,33.096289146544414,3051.0,2.917076368403802,1.6187218269334807,8892.048132498317,4896.438763877203,3.140653038311918,0.5982792027089603,3.5197115824269334,4.502850703019457,34260.44728571428,11882.81440978283
2011-07-27,26601.61,26532.65,17571.526173906543,86,14465,283,31,40,34.480000000000004,8961.123826093459,33.68639652296782,2348.0,3.6626916524701874,0.12961621495841794,7584.527060319574,2794.2795322575375,3.3006635971594567,0.5602503117734591,3.307015271603652,4.6406790677366265,30416.428714285717,8484.24851229653
2011-07-28,59355.96,58085.24,44859.06468960507,125,31736,891,59,90,562.86,13226.17531039493,22.28280919118304,8391.0,1.4896913359551902,0.9482788249065468,9216.70014674117,2104.703290086407,3.1156197675338304,0.8810319337249549,1.5611428237736882,1.6419602646920142,32384.18014285714,12989.107840709246
2011-07-29,20787.33,18197.15,13254.27661722067,70,11916,271,15,60,696.19,4942.873382779331,23.778298525011778,2584.0,2.708978328173375,3.349107364918919,8776.557648139637,2647.8082519420927,2.880477922879176,0.695177074052952,1.3280171825686293,1.10281851986839,30015.01157142857,13432.698234026238
2011-07-31,34103.83,34095.33,22395.322807590986,43,21202,5,1,37,4.25,11700.007192409015,34.30701828037794,1651.0,2.604482132041187,0.012461943423949743,9299.648508133547,2832.8901868542835,2.838674956441789,0.702767369820262,1.2569983016773503,1.17776735234252,31813.673000000003,12938.415968745967
2011-08-01,22452.54,22400.38,14722.538255409972,51,12172,1775,11,38,26.08,7677.841744590029,34.19587157885044,1242.0,4.1062801932367154,0.11615612309342283,9292.432905229283,2837.61982475751,2.9862620223745604,0.8527067716026964,0.9833745953753847,1.1902632693355504,30638.39871428572,13423.183496408341
2011-08-02,39222.159999999996,15940.2,23059.267237903914,61,16078,100,38,53,11633.33,-7119.067237903913,-18.15062515145498,1498.0,4.0720961281708945,29.66009521148249,6716.353136263738,6690.400036849181,3.080185162635907,0.9395420129691997,5.119205358531032,10.886106317742616,32223.40442857143,13728.801029821514
2011-08-03,31061.33,28950.29,21060.1483214555,84,17314,975,40,70,1038.1200000000001,7890.1416785445,25.4018153071504,3854.0,2.179553710430721,3.342162103168152,6754.156556701049,6697.137591311769,2.974824782925467,1.000271799017778,5.365411112278842,10.81298633920782,33369.25142857143,13157.456528999639
2011-08-04,71969.42,63022.3,47467.81858191334,99,42206,3261,59,80,4473.56,15554.48141808666,21.612625776457083,2378.0,4.163162321278385,6.2159178162058275,7696.06478412865,7477.461544281464,3.0463205927552095,1.0728828571144595,6.234882769599901,10.563632488699104,39850.36714285715,19099.956329785797
2011-08-05,22641.47,22049.75,14826.092224241833,66,13202,620,15,51,240.28,7223.657775758167,31.904544076679503,1899.0,3.4755134281200633,1.0612385149904136,6838.562279180542,7070.696087893791,3.3300094630644774,0.8270652907904555,6.251019868183311,10.554292798835828,34605.44,17851.065112134558
2011-08-07,8057.14,7827.56,5038.5325227296735,33,5362,106,12,28,114.78999999999999,2789.027477270327,34.61560153193722,1899.0,1.7377567140600316,1.4246990867727256,6530.870006964969,7212.383251318691,3.1912635181911426,1.0098727689712808,5.976104399876712,10.666941184541617,32786.841428571424,20011.180697283085
2011-08-08,30875.239999999998,17629.54,16341.501295342718,57,13812,457,41,49,3390.5,1288.0387046572832,4.171752850041922,2274.0,2.5065963060686016,10.981291157574809,5043.44593728615,7040.254745207639,3.177279828766488,1.019979252100457,7.543080001898263,10.448291573079747,32325.614285714284,20012.973980142553
2011-08-09,29879.1,27127.62,18889.03521681687,60,16532,660,36,51,1056.24,8238.58478318313,27.573068744316696,1355.0,4.428044280442804,3.5350462363324198,5123.552085656594,7078.3128083190895,3.2232461269387858,1.0746104550572524,8.03149287521812,10.117938584490403,33386.55142857142,19594.827073024873
2011-08-10,32807.63,27929.03,17678.2417315687,62,15114,196,17,51,1318.1200000000001,10250.788268431297,31.245134953153574,1456.0,4.258241758241758,4.017723925806284,7604.960015133052,4724.408235598412,3.249838359806052,1.1010938035269406,4.368296977264376,3.381739198711819,32470.190000000002,19425.697254228337
2011-08-11,76886.61,76242.71,39414.951099007994,85,41067,115,51,71,301.0,36827.75890099201,47.898793952538696,3524.0,2.412031782065834,0.39148559157439766,11738.905332625553,12029.022667321635,3.2830495128967825,1.0663907313286203,3.9467717613224105,3.699893050535761,39016.65857142857,25609.197588293322
2011-08-12,32742.23,32626.73,20180.75059106217,59,12207,62,7,42,57.75000000000001,12445.97940893783,38.012008983315525,2431.0,2.4269847799259567,0.17637772381416905,11294.833617032866,11921.585835861984,3.0350241498464356,1.0288154481187586,3.0839803195521744,3.7857459720236104,33412.77428571429,21089.671015346896
2011-08-14,6615.55,5478.77,4029.0011262595585,37,3302,45,19,31,568.39,1449.768873740442,21.914563018047506,1440.0,2.569444444444444,8.591727067288433,10469.992345316046,12438.74014423821,2.9055857236070612,1.0211285319213999,4.159764398451891,4.166010192149011,31123.35714285714,23216.46527301529
2011-08-15,18137.66,18060.8,11509.037976835127,54,10579,60,8,48,38.43,6551.7620231648725,36.12242165287513,1991.0,2.712204922149674,0.21187959196500541,11007.525851872411,12128.934069089199,3.0447926104770104,0.8938812849583048,3.9865044706222172,4.321051660081051,32563.431428571428,21817.755834811443
2011-08-16,19902.13,19630.23,11413.850044155586,63,11514,49,13,48,135.95000000000002,8216.379955844413,41.283922654733004,2700.0,2.3333333333333335,0.6830927141969226,11997.288887756285,11468.296145254064,3.0200407572291152,0.9134525138973891,2.515333264425376,3.132198378813626,30995.844285714287,22347.050795042203
2011-08-17,60071.72,49436.34,32633.65159513887,64,26201,2151,18,47,4107.740000000001,16802.68840486113,27.97104595117491,1524.0,4.199475065616798,6.838059572790659,13220.732262281714,11457.29179016621,2.987388012253971,0.8570784605285222,2.9871923124908384,3.5343927240929087,35309.07571428571,24867.23328892587
2011-08-18,56864.76,55102.24,38537.709711962765,100,34867,1052,52,83,881.26,16564.530288037233,29.129693483340528,2445.0,4.08997955010225,1.5497471544766916,14122.695407939706,11433.014084130962,2.963350553948327,0.8169144370579784,2.634624202300897,3.537553647148474,38745.80857142857,26095.938745072614
2011-08-19,18676.95,18474.85,12612.91598746752,61,11144,63,8,59,101.05,5861.934012532478,31.38592764092894,2771.0,2.201371346084446,0.541041229965278,9699.006138159772,5773.790632489961,2.9332562059509857,0.8440394364166953,2.6559892934995943,3.5221664356848366,30430.14285714286,20615.424608625577
2011-08-21,15079.69,15024.39,9619.528626838903,42,8480,5,5,37,27.65,5404.861373161097,35.84199259508051,1062.0,3.954802259887006,0.1833592069863505,8693.13213304881,5828.54025636299,3.1515158459454216,0.887712426381145,2.656986648238477,3.521348166284856,27906.922857142858,21352.980168850554
2011-08-22,33752.71,30406.61,22754.424449491788,68,16430,169,5,60,1673.05,7652.185550508213,22.671321948691567,1830.0,3.715846994535519,4.9567871735336215,9579.191658301348,4948.953377998775,3.315287638815575,0.8679587393758383,2.1377095205592185,2.6639492899488273,31783.66,19197.854071058773
2011-08-23,27762.23,27170.89,17555.501684525596,73,15678,70,25,62,237.38,9615.388315474403,34.634783716849846,3077.0,2.3724406889827754,0.855046586675494,10016.85255720271,4768.787193667637,3.266749891220304,0.9155029998703722,2.229590519803574,2.5966986533689327,33158.59857142857,18385.098115595745
2011-08-24,65082.0,40972.68,41675.03166880649,102,31373,246,58,79,11960.460000000001,-702.351668806492,-1.0791796023577824,3759.0,2.713487629688747,18.377523739282754,8742.748039395437,6281.510290600293,3.3210576478425056,0.8605290803842714,4.757366380530121,6.507605800932196,39612.86571428571,20735.788891211647
2011-08-25,26652.44,23793.38,15972.803475031906,93,13892,344,57,80,1368.58,7820.576524968095,29.342816361159034,4020.0,2.3134328358208953,5.134914476873412,7459.589199410718,5181.803330441471,3.051623043585948,0.8345245501959113,4.514059938256229,6.448416753911091,34838.682857142856,19016.20277545244
2011-08-26,26473.25,26320.83,18155.435774554535,55,18529,419,4,43,76.21000000000001,8165.394225445467,30.84394332182662,2914.0,1.887439945092656,0.28787549696391646,6259.712619040466,3381.9815784737702,2.7369745285845783,0.7919069374536036,4.333792558611546,6.561738618020407,30497.038571428573,16444.75131483849
2011-08-28,11266.82,11226.32,7213.099521879208,39,6989,4,4,36,20.25,4013.220478120792,35.61981533494626,1948.0,2.002053388090349,0.17973128176362096,5995.6106855530825,3488.7210331612846,2.7085005345854216,0.8175433241143958,4.282176851725596,6.597867020608506,29438.448571428573,17534.830090390064
2011-08-30,33351.89,32901.07,15591.900114225771,50,10699,122,17,28,225.41,17309.16988577423,51.898617696850856,1730.0,2.8901734104046244,0.6758537522161412,7696.226187354958,5483.764402235725,2.5564106989450806,0.6229072078310267,4.352533215329851,6.549321916780554,32048.762857142858,16361.878912092941
2011-08-31,36379.06,17614.72,27477.9095129667,117,13424,6624,133,72,9262.17,-9863.1895129667,-27.11227149070564,373.0,31.36729222520107,25.460168569501246,5194.029749715686,8611.371001826916,6.50661716046873,10.968301026998898,7.281587700468083,10.34789295442986,32423.955714285716,16437.40216155105
2011-09-01,39563.73,39416.63,27865.480881948326,81,28985,29,6,72,73.55,11551.149118051671,29.196309645353637,3882.0,2.0865533230293662,0.18590259310737384,5470.567007226724,8805.902455165658,6.465776108189671,10.986777187464808,7.185995701386923,10.419994267605354,34109.88428571429,16484.726987443955
2011-09-02,45539.88,44338.78,30576.63892746587,107,19605,8293,46,67,576.9499999999999,13762.14107253413,30.219976584334724,3610.0,2.96398891966759,1.2669115509307445,7536.923113132527,8813.058406932432,6.501562006758078,10.972917555478997,4.74162253162235,9.304284131761468,31318.152857142857,11160.151154352332
2011-09-04,17944.99,17734.29,11431.44903936538,53,11157,23,11,46,101.10000000000001,6302.840960634621,35.12312328195569,1706.0,3.1066822977725677,0.5633884443513203,7320.103746799175,8823.580300741134,6.61488335846546,10.926454199638538,4.088547384119194,9.431645585678742,30074.231428571427,12203.381139552357
2011-09-05,38496.41,37870.21,34632.87431132151,78,23986,169,18,60,313.1,3237.3356886784895,8.409448280186359,1706.0,4.572098475967175,0.813322592937887,6616.09538440389,8940.716792150253,6.998406005733249,10.77898441229926,4.1636112549726185,9.398387975863411,31791.825714285715,12455.588980794782
2011-09-06,29514.25,28919.670000000002,17385.406033870866,70,15483,131,18,55,297.29,11534.263966129136,39.080322102473,1670.0,4.191616766467066,1.007276146268328,7690.530168405082,9027.283222077709,7.31120077407278,10.64071326045762,4.2818319499018624,9.344976351117396,34398.60142857143,8824.159217187897
2011-09-07,35933.43,35353.51,18421.240600661913,60,16752,182,33,45,287.88,16932.26939933809,47.121216647946184,2003.0,2.9955067398901645,0.8011481230709119,7636.687241771348,8961.23386969683,7.326248392570713,10.633491267204542,4.299731145738258,9.337035008407442,34767.392857142855,8827.067835604206
2011-09-08,28423.28,27417.68,17957.224147029723,90,17771,588,31,64,487.8,9460.455852970277,33.28418061874026,2821.0,3.1903580290677067,1.7161988341950682,10397.208008333775,4574.556371974337,3.300972078837376,0.8307299903735438,0.9077354692659471,0.49200627447011186,33630.852857142854,9093.13838570738
2011-09-09,32331.44,30361.3,20297.86776145957,88,17764,1307,51,68,757.93,10063.43223854043,31.125839859098235,1927.0,4.566683964711987,2.3442506736476942,10184.677025546453,4546.482821029871,3.6552764562206073,0.7515723986185788,1.2160709093431359,0.6230916292664013,32597.66857142857,8709.459880048944
2011-09-11,37115.46,37023.06,24636.25397779133,78,21799,24,5,68,46.2,12386.806022208668,33.373710098726164,2337.0,3.3376123234916557,0.12447643111522802,9988.200589785672,4393.251234057845,3.708651228195474,0.7061935996638382,1.0528658922266334,0.7452070921951602,31394.18,7046.264470772292
2011-09-12,31541.02,30078.84,19820.92118830159,96,18114,592,66,80,699.02,10257.918811698411,32.5224701411001,3789.0,2.5336500395882817,2.2162250935448506,10553.211711366213,4083.7104815717144,3.62678947702629,0.8127738694474456,1.288985413539995,0.8221466943764002,33336.47,3886.568220019801
2011-09-13,58024.32,57248.08,38326.06148037433,82,37694,34,12,64,288.6,18922.01851962567,32.61049594312466,2860.0,2.867132867132867,0.49737765130207473,12793.880687215811,3683.993552814669,3.383222961478532,0.7339169692073564,1.2438504218777362,0.8603951302037497,36126.17142857143,10157.266639932324
2011-09-14,25063.54,24598.9,16671.871419779953,93,14715,4744,43,68,232.32,7927.028580220049,31.627729284131647,2860.0,3.2517482517482517,0.9269241296321269,12278.561346371656,4116.462639392223,3.2489560308044156,0.6415341639109284,1.232371562358279,0.8646031091195665,35490.35571428571,10761.465756401234
2011-09-15,99230.6,65020.64,67649.7614986895,115,30052,144,47,92,15275.14,-2629.1214986895066,-2.6495068040397887,2979.0,3.8603558241020477,15.393578190598465,9484.076932367712,6423.778679704828,3.372505899977542,0.6673476947039342,3.317004429147929,5.391647729062373,44532.80857142858,26410.59011842753
2011-09-16,32244.98,25743.14,18479.626215422977,84,16431,899,30,50,1866.16,7263.513784577022,22.52602974037206,2332.0,3.6020583190394513,5.78744350283362,9170.228065454392,6478.559898028737,3.4313202271163625,0.6667608597344044,3.898610810382008,5.409741524800975,45078.76571428571,26059.236872350968
2011-09-18,16628.06,16508.06,10923.30991869996,28,9484,32,3,25,53.4,5584.750081300041,33.58629979263991,1227.0,2.28198859005705,0.32114389772468943,8530.416328705765,6595.7404864142545,3.1049351735942285,0.5706198731208016,3.609595556678722,5.558617117432969,42835.42571428571,27947.04301740877
2011-09-19,60071.7,48634.06,33107.25320508282,100,30090,424,51,79,3057.6699999999996,15526.806794917175,25.847124011668015,4010.0,2.493765586034913,5.090034075945911,8978.987867664122,6996.33211634662,2.9843856396718365,0.6015682997206964,4.318960934511677,5.352765543224638,46114.88857142858,28505.29274702475
2011-09-20,112226.89,111098.21,61748.10517546142,77,44587,33,11,56,325.82,49350.10482453859,43.97351189589108,1792.0,4.296875,0.29032257777079984,14563.585869498434,16850.169408568392,3.236274919730654,0.7355989384287688,4.043832003686812,5.5255640927250935,57641.44142857142,36750.69031083201
2011-09-21,55896.83,44607.55,31961.509583765022,107,22958,2776,107,84,5616.61,12646.04041623498,22.623895516498845,4022.0,2.660367976131278,10.048172678128616,13667.01756901405,16746.260562497362,3.2067370781589983,0.7567397563894376,5.40823129323346,5.680886400449567,57337.514285714286,36755.792969760056
2011-09-22,63240.97,58572.07,43024.69030750517,148,33814,1106,79,111,2277.96,15547.379692494833,24.584347287043247,3027.0,4.8893293690122235,3.6020320371430103,14755.639156481877,16557.556514380198,3.440677237768137,0.9901115405975933,5.790389565735015,5.412835809603324,62791.43285714286,33889.41496422432
2011-09-23,43700.97,41303.53,25493.695365366104,98,22688,701,54,71,1175.27,15809.834634633895,36.17730827172462,4023.0,2.4359930400198855,2.689345339474158,17389.77574695665,14692.553456252246,3.2371968400421136,1.034839399175373,3.975499158431543,3.418849762839555,54858.62857142858,30240.926636185963
2011-09-25,32475.861,32048.701,21028.280332904593,78,19958,320,7,74,161.74,11020.420667095408,33.93419089672606,4337.0,1.7984782107447546,0.49803144557121987,17926.476730173563,14325.024313963628,2.979542538857157,1.1472752296573014,3.2198688645369145,3.534213764630565,54891.61157142858,30212.264149369286
2011-09-26,30974.731,29587.351,19013.939550178315,79,15800,406,27,66,692.9,10573.411449821684,34.13560379207711,4337.0,1.8215356237030207,2.236984721513804,18639.142639962367,13720.009918744412,2.913763543663724,1.2056501072111026,3.493560410792502,3.3412349755883226,56941.136,27553.58226835189
2011-09-27,37900.08,36608.74,23081.589006691625,115,22342,1105,50,84,570.79,13527.150993308373,35.69161593671668,4661.0,2.467281699206179,1.5060390373846175,18353.477525446822,13816.093425797679,2.9099801312596196,1.2072282744411376,2.98156111956946,3.3304058085890667,53773.76171428571,28395.231226649732
2011-09-28,46197.25,45439.71,31671.311195546517,112,26478,405,49,93,366.02,13768.398804453482,29.803503032006194,2208.0,5.072463768115942,0.7922982428607762,13270.376665434665,2027.8587964373824,3.020778526704755,1.3790893584391835,3.0532719288680283,3.2676119484159267,44340.956000000006,11941.004259523394
2011-09-29,51665.9,45152.0,32578.671769535023,116,28497,1353,49,97,2937.12,12573.328230464977,24.335835106840246,4643.0,2.498384665087228,5.684832742679407,13259.989210324666,2031.7723487878811,2.9976380536984615,1.387478285873062,2.4299376523752843,1.7953822042306844,43736.537428571435,11351.099978919669
2011-09-30,45656.37,44927.95,28426.871418420676,94,22884,554,44,70,364.21,16501.07858157932,36.141897793406095,3126.0,3.0070377479206654,0.7977200114682791,13396.231908765305,2232.7547950227554,2.728739250685382,1.1154985672036521,2.0293216487074655,1.8031112213490879,41224.451714285715,7661.306123480369
2011-10-02,12351.73,12323.23,8214.069976227567,36,8599,7,4,32,10.95,4109.160023772432,33.26789060133627,1236.0,2.912621359223301,0.08865154921618268,11724.706964356525,3889.6748032113233,2.7968290105715843,1.1091799597579752,1.6577939643848976,1.9092581404169189,36745.98885714286,13161.042122729234
2011-10-03,73033.55,68099.47,44981.46094578889,91,26484,1369,30,53,2162.04,23118.009054211114,31.653957741628492,2691.0,3.3816425120772946,2.9603380911923356,13452.933876801628,5761.674466453603,3.022995339333376,1.0302851670728195,2.0095520566164855,1.8866652986407992,42539.944428571434,18720.941180809386
2011-10-04,51229.38,49691.16,34810.62747225537,104,26343,7151,35,74,569.81,14880.532527744632,29.04687218105047,2733.0,3.8053421148920603,1.1122719033492108,14068.236887933474,5631.423145713091,3.3063962666460958,0.910610928870844,1.8488787968786866,1.9117928093892185,45433.46571428572,18193.344493052835
2011-10-05,78936.47,78208.37,51632.48180492641,104,47275,180,59,82,349.2,26575.88819507359,33.66743939154308,5450.0,1.908256880733945,0.44238106923200393,15932.342202471364,7326.912796740762,3.2265355782929186,1.0149967127215531,1.6969276585711703,1.9844723561671087,51295.80714285715,21645.31038404449
2011-10-06,74261.49,58063.03,53854.991821798394,218,38265,5742,249,154,7584.91,4208.038178201605,5.666514606967358,7209.0,3.023997780552088,10.21378644570692,14566.576398721096,8581.194040799228,2.9338975800695115,0.607648699567212,3.042854544692048,3.711843166027495,55304.98428571429,23094.11744848304
2011-10-07,61685.89,49168.03,37648.86532292391,108,31956,662,69,80,6252.68,11519.164677076085,18.673905291916977,3779.0,2.8578989150568934,10.1363212883854,14415.981605379826,8631.109192851765,2.9852567586366066,0.5792324797983491,3.678781479792904,4.530876999596687,56736.41142857143,23141.448031561922
2011-10-09,13455.06,12238.26,8461.833367091114,41,7709,284,32,35,602.16,3776.426632908886,28.06696241346294,1503.0,2.7278775781769795,4.4753423619069705,12598.174184141191,9422.471449153569,2.9453767343875086,0.5870403607108553,4.204156101284146,4.350765122694813,52136.224285714285,28330.00680422431
2011-10-10,55130.71,43611.39,29860.97936697764,139,26720,819,78,95,3973.29,13750.410633022359,24.941472063433174,3993.0,3.481091910843977,7.207035788220395,13975.495699748324,8647.571863230292,3.026586813190462,0.6201411946767376,5.221068135427605,4.050022243086394,58247.50714285714,22287.000041755822
2011-10-11,68383.61,39296.75,41464.34431747677,105,29057,9010,55,78,14305.19,-2167.594317476767,-3.1697570769907686,3326.0,3.156945279615153,20.9190330840972,10363.266646650054,9437.155366968069,2.9944872085530134,0.6043132046852809,7.7865959915568705,6.99592443200196,57583.229999999996,21837.60859185746
2011-10-12,36597.93,30533.37,26835.98217654868,110,18611,3025,166,78,2856.43,3697.3878234513177,10.102723906656244,4321.0,2.5457070122656793,7.804894976300572,8765.674546036726,9491.413262586688,2.8145393367492444,0.501400708951205,8.742685001978494,6.360198390474444,55493.02285714285,23204.581225245674
2011-10-13,39844.42,39086.4,25670.4212984087,106,20238,1249,58,79,379.01,13415.978701591303,33.670909757479976,3925.0,2.700636942675159,0.9512247888161003,6885.6874755392555,6058.089813703719,2.9277364884551322,0.31894271294257714,8.81537696191908,6.251500612215811,49908.444285714286,21243.377288508742
2011-10-14,40702.74,37259.54,29167.7750575812,88,19368,1187,36,63,1122.1000000000001,8091.764942418802,19.880147976324942,4403.0,1.9986372927549396,2.7568168629433796,7440.50558471314,5948.8481840621225,2.781256418769825,0.46799411111403855,7.750095592952859,6.5991715395481645,45114.33714285714,18432.201824005122
2011-10-16,23025.62,22214.58,14735.444540517465,39,8968,459,7,32,405.52,7479.135459482537,32.48179835975117,1717.0,2.2714036109493305,1.7611686460560019,6863.358553628348,5676.957954591455,2.6974713753258874,0.5031645203270213,6.553645215477231,6.848930675851145,39591.44142857143,18431.200023823236
2011-10-17,60984.15,48350.49,37385.900179626624,108,32353,1559,47,87,4998.0599999999995,10964.589820373374,17.979409109372472,5244.0,2.059496567505721,8.195670514387754,7890.239008980418,5675.6302828008575,2.6019883738014222,0.5569732938355365,7.085120665831629,6.8049828516375515,46381.311428571425,15758.99747992179
2011-10-18,47657.37,45867.49,29647.212747941772,109,30542,632,49,79,694.3199999999999,16220.277252058226,34.03519172807527,3319.0,3.2841217234106654,1.4568995309644655,8243.077097414114,6157.0168276209115,2.5738497755966634,0.5079789879384672,6.263672629080781,7.127240248661148,45313.69142857142,15314.337902209421
2011-10-19,62563.51,37281.63,22668.630129388115,107,19719,224,50,87,6569.93,14612.999870611882,23.357065277526598,3319.0,3.2238626092196445,10.501217083248687,10640.304838569635,4461.316476492867,2.583409394111591,0.5212377138515081,4.775413200388137,3.9255169811918798,44482.24857142857,13950.326696176264
2011-10-20,62831.21,62171.69,41384.42818387767,106,41553,117,38,89,329.76,20787.26181612233,33.08429332512032,4834.0,2.1928009929664873,0.5248347119210341,13081.715408951208,4698.462664068072,2.5329942484974204,0.5421399221517256,3.735404591191059,3.953404307753011,48229.86,14965.958348948694
2011-10-21,64913.83,64383.07,40809.64861702652,69,25253,65,17,59,265.38,23573.42138297348,36.31494457032265,1983.0,3.479576399394856,0.40881889113614156,14532.778649148662,6160.064651189567,2.6442713137430913,0.651246211746204,3.657918034379637,4.021793128398745,51811.204285714295,15610.554754889255
2011-10-23,13059.22,12985.72,8459.745732791245,45,7363,5,4,40,36.75,4525.974267208754,34.657309297253235,1198.0,3.7562604340567614,0.28141037519851875,14023.379981261513,6886.11460826816,2.8953603339290663,0.6979835733639738,3.304288536130371,4.218261168280381,47862.130000000005,21335.762277715017
2011-10-24,65899.7,38856.26,51759.50935847896,141,27935,5108,143,84,10345.19,-12903.249358478955,-19.580133685705633,4665.0,3.022508038585209,15.698387094326682,11111.610721552726,12297.553117562777,3.0026609664484774,0.6415264321119721,5.295319743026183,6.194693789987291,53986.99857142857,19049.024949809926
2011-10-25,43455.29,42208.99,30872.656271104894,112,27913,2424,32,69,507.15,11336.333728895104,26.087350306246037,2994.0,3.740814963259853,1.1670615936517739,11164.716994198689,12297.61507655687,3.2428493086990673,0.5355396250347,4.291232754349614,6.215820311851769,51482.875714285714,19127.87863984736
2011-10-26,39672.67,39237.97,32829.340820480655,107,22271,495,20,83,217.35,6408.6291795193465,16.153763231764707,2431.0,4.401480872069107,0.5478582611152716,9763.05298383599,12183.98585043378,3.4024720442217022,0.6932031813070043,4.1613697157997285,6.293910943778875,50342.20428571429,19625.633719926827
2011-10-27,85066.19,48773.31,35992.77699703327,137,34401,1614,62,113,9811.570000000002,12780.533002966731,15.02422173012184,6162.0,2.223304122038299,11.53404190313449,9501.272002743828,12081.67043574893,3.25953511748151,0.8265090044577016,4.308916118640558,6.476754984323144,53556.87285714286,23434.480315009278
2011-10-28,44511.62,40684.16,28402.15532634886,101,24851,319,28,67,1006.23,12282.004673651143,27.592805370038526,2083.0,4.84877580412866,2.2606007150492387,8286.235268105087,11149.179875384074,3.6389600905046775,0.8639756847767194,4.556882690516017,6.339506325630615,50939.78857142857,23248.32812808944
2011-10-30,35976.41,35921.21,23389.296946881943,97,20723,7,7,88,25.95,12531.913053118056,34.83369533846778,5499.0,1.7639570831060194,0.07213059891189809,6708.876935268598,9244.246649802986,3.39387161674913,1.1216415425838944,4.50878436305541,6.377387351833478,46805.87142857142,22919.833232102308
2011-10-31,68957.87,51170.47,60264.23472562254,109,22639,16966,43,64,8893.7,-9093.76472562254,-13.18742113934572,2911.0,3.7444177258673994,12.897295116569001,4763.199936292699,11039.288799920227,3.392179801293506,1.1210125916874925,6.311053611822621,6.755067447543782,54791.392857142855,18517.591739515086
2011-11-01,30567.97,29740.77,20752.386590793594,105,17417,227,45,88,413.6,8988.383409206406,29.404580707212176,4618.0,2.27371156344738,1.3530502679765781,7890.576045962036,7836.674024780285,3.2852088762738165,1.1954239080525115,4.261719779486892,5.490097152700641,49744.00285714286,19758.769907897207
2011-11-02,48027.01,46719.17,29393.18934597331,116,29328,451,40,87,649.28,17325.980654026687,36.07549304865468,3313.0,3.501358285541805,1.3519059379295106,8746.239892409405,8568.442569545256,3.2510007794569526,1.1835808818351896,4.288126114383712,5.473150018046493,50397.10571428571,19591.104619687194
2011-11-03,69435.54,67817.44,55393.06140898626,124,37379,600,37,95,744.9399999999999,12424.378591013745,17.893399534321684,3594.0,3.450194769059544,1.0728511652678152,9605.632665480034,8596.546179308312,3.1151027647413008,1.07950437178719,4.363125100691218,5.4166601359269775,54648.944285714286,20098.79690145811
2011-11-04,68192.57,61771.07,49393.668136644425,143,36186,2121,105,105,2895.6,12377.401863355575,18.150660494765887,5113.0,2.7967924897320557,4.2462104009278425,9548.04250267844,8573.050149773999,3.197029674411837,1.0207032391606554,3.322006314661697,4.416736448667638,52238.427142857145,16539.43082298453
2011-11-06,44306.11,44238.23,28147.085805844854,104,23890,14,11,88,33.94,16091.14419415515,36.318115479231075,5113.0,2.034030901623313,0.07660343009124475,10092.205291321869,8890.51903089396,2.794923259768216,0.7898823226899706,3.0100067025248407,4.5783915820662395,52209.06857142857,16555.606828914926
2011-11-07,102829.15,71067.69,50750.91464989712,115,32039,5125,51,90,15880.73,20316.775350102886,19.757797618771416,3965.0,2.900378310214376,15.443801684639036,11204.328476605415,9696.905906021106,2.957269149355124,0.6464287402556955,5.205959714771574,6.297918850772709,61759.46,23469.66946688072
2011-11-08,60181.590000000004,58010.05,32308.78453659455,144,27042,511,93,122,1052.58,25701.265463405452,42.706192148471736,5704.0,2.524544179523142,1.7490066314299768,16175.047075037986,5618.009664769418,2.783001499877373,0.5571182130393104,3.6133470740374287,5.3700041945826085,60505.705714285716,23254.46759174808
2011-11-09,72717.1,65573.22,54641.94961897536,127,40451,2035,27,102,3528.14,10931.270381024638,15.03259945875817,1116.0,11.379928315412187,4.851871155477872,16452.602356726307,5238.98839457259,4.083889607300917,3.2573990026773725,4.113178629394757,5.286742056971561,66527.01,19337.696223734434
2011-11-10,76720.77,70581.51,63168.408854468755,184,39844,1445,78,139,2052.02,7413.10114553124,9.662443619284893,4623.0,3.9800995024875623,2.674660329921089,15036.476712655527,6212.808087722698,4.15228120972174,3.248142477938126,4.3021435425364105,5.194429762001629,70626.11857142857,17737.544347248684
2011-11-11,57667.27,56823.95,32600.279872551033,118,29901,550,18,91,421.66,24223.670127448964,42.005924898905334,4890.0,2.4130879345603273,0.7311946620674085,16722.08978928913,6943.658163438867,4.004123090507566,3.3085946014911323,4.253335470650638,5.231304400244091,68944.93714285715,18414.000827340322
2011-11-13,35754.52,34655.12,20626.15074079583,93,21457,484,25,75,549.7,14028.969259204172,39.23691119110024,3074.0,3.02537410540013,1.5374279951178202,16958.02798869607,6797.95617964674,4.036777607031576,3.2957959988504433,3.8663665555349205,5.3311531339891625,64310.93,22305.35114127923
2011-11-14,120916.8,115684.24,56735.28266080229,152,49144,1677,72,109,2278.78,58948.95733919772,48.75166836965394,4978.0,3.0534351145038165,1.8845851031453036,23080.572723702153,17211.241633028258,4.182406780300219,3.21406131177441,4.124649651685501,5.1579282743820345,75255.31428571428,28724.980419736192
2011-11-15,64692.24,64266.12,41319.07241416969,142,31947,771,40,98,213.06,22947.04758583031,35.47109759351402,5966.0,2.380154207173986,0.3293439831423367,23456.32590023464,17169.507618621064,4.10808905129445,3.2544071697824295,1.9654414086145433,1.4872359830660546,69807.18428571429,26122.258323679216
2011-11-16,69145.63,66010.19,40798.01277000585,161,33770,3796,47,119,1549.47,25212.17722999415,36.4624304240111,7760.0,2.074742268041237,2.2408791416030196,23386.456152604456,17159.841874629907,4.043831635368464,3.2950715174820884,2.0357089100678354,1.4869254910504761,71087.76142857144,25789.341220622788
2011-11-17,63838.24,62231.42,40361.98268138404,170,32838,1268,45,131,773.41,21869.437318615957,34.25758184845942,6074.0,2.798814619690484,1.211515229743176,24949.051429403215,16313.791734390501,2.817958250265363,0.626813609746488,1.515658063534307,0.8287580814052219,69819.35285714285,25913.894336811994
2011-11-18,57677.88,47780.74,31096.797236567967,164,24825,808,98,129,3243.59,16683.94276343203,28.926067954356217,4196.0,3.9084842707340326,5.623629023812942,26273.457374817615,14974.216260306392,2.8077275028720017,0.6048848157621417,1.9369393055188575,1.7517055359483842,67098.94,26067.73484586069
2011-11-20,36297.24,35978.22,21052.969274650404,105,19916,48,18,91,156.56,14925.250725349597,41.11951962559577,3667.0,2.863376056722116,0.43132756099361824,24945.111745946277,15586.273700994678,2.872054377466543,0.5793249789108399,1.8941011482226016,1.78936834916822,64046.07857142857,28494.76379837556
2011-11-21,52448.32,49441.88,34708.447179164716,122,26243,1810,43,96,1503.22,14733.432820835282,28.091334137747943,4534.0,2.690780767534186,2.866097522284794,25045.749397607862,15506.111114729822,2.824255329199979,0.5783690469354645,2.0839110806750267,1.815507324591447,66430.90714285715,26350.18421765504
2011-11-22,68240.48,64301.94,52275.89647585908,174,38373,890,58,129,1782.5,12026.043524140921,17.623034779563277,6584.0,2.6427703523693804,2.6120859642253396,18342.47599545689,4969.657996064765,2.765588934609345,0.5720410428983905,2.1878397751150316,1.823002592861126,58905.718571428566,11576.960180047896
2011-11-23,88757.4,84587.54,67985.40620902732,154,41706,3799,62,114,1623.48,16602.13379097267,18.70506998962641,5031.0,3.0610216656728286,1.829120726835171,17436.05973904866,4550.834759246008,2.8628557143948945,0.5531546668704231,2.4020935956425795,1.6478961623341817,62343.59857142857,16222.730779533213
2011-11-24,55359.71,49277.91,41499.956111160405,146,27214,4019,74,104,2898.35,7777.953888839598,14.04984579731288,5924.0,2.464550979068197,5.235486240805813,14945.45640459801,4352.1996857831855,2.9185426731130315,0.474639707066401,2.829894609814407,1.9585027613972115,60374.18142857142,16095.64539720856
2011-11-25,52923.16,52163.14,31826.37282229688,98,32340,749,33,71,380.01,20336.76717770312,38.426970682973426,3978.0,2.463549522373052,0.7180410240053692,14726.503527324747,3967.345675361096,2.870647659210541,0.5046985144769396,2.7593982947090057,2.033895442877767,58814.88428571429,16232.256826048419
2011-11-27,21077.84,20998.68,11763.841746494374,60,11404,12,10,51,39.58,9234.838253505626,43.813019994010894,3978.0,1.5082956259426847,0.18778015204594017,13662.345740192404,4336.642072542152,2.5277635670974914,0.4973656048040437,1.982848455885149,1.7799147298041573,53586.307142857135,21650.029138184185
2011-11-28,60436.76,56990.42,32435.255647824986,126,30364,819,26,102,1723.17,24555.164352175012,40.62951811476163,4086.0,3.0837004405286343,2.851195199742673,15038.047686881748,6009.013565486461,2.5592384790698515,0.5281620083704168,2.3285438328492996,1.6592594029136938,57034.81,20318.768942749302
2011-11-29,74375.33,73621.87,39082.72779090068,151,31468,429,18,116,376.73,34539.142209099315,46.438976753581215,4355.0,3.467278989667049,0.5065254836516356,17867.43474234804,9493.957233959993,2.670166796517403,0.6317738514774891,1.9914621130445627,1.7679681790097692,60167.24,21166.35359680154
2011-11-30,64254.89,62290.21,36541.44850620063,164,29745,2052,92,122,975.98,25748.76149379937,40.07284347354633,3544.0,4.6275395033860045,1.5189194160942459,19827.823023727815,9503.533976580891,2.9537052466626355,0.9714789563625001,1.8352954633115492,1.7522212270102349,59597.87,20965.644717631116
2011-12-01,54931.39,53350.29,32718.970417415643,169,27847,233,89,149,786.3,20631.319582584358,37.5583424751938,5336.0,3.1671664167916043,1.4314219975136255,20403.420993958058,9397.023401008551,2.968868782536746,0.9742576236596128,1.778481359122757,1.7588896176410642,54765.58285714285,16559.943654835435
2011-12-02,60518.03,59273.13,37640.22677216808,142,29695,1893,50,100,578.01,21632.90322783192,35.746211877405656,5693.0,2.4942912348498156,0.9551037930349022,22382.69947095696,7577.496252160289,2.9731173905055486,0.9717534453020773,1.166998152298341,0.882405991313108,55502.485714285714,16704.923842145938
2011-12-04,25107.56,24993.76,15817.201384940254,72,12661,17,6,58,55.650000000000006,9176.558615059745,36.548986102431876,2543.0,2.8313016122689736,0.22164638857778296,20788.383962007905,9100.678733586392,3.0256534033478233,0.9492945297206189,1.0960846329515432,0.9424054651593333,51528.82857142857,20334.682252435498
2011-12-05,123141.31999999999,61160.04,63603.74095267466,151,46555,545,29,114,30990.64,-2443.7009526746624,-1.98446870041239,3596.0,4.199110122358176,25.166727139192595,19120.02121826787,12136.003129829449,3.4100554742643223,0.7579832899223844,4.664505631115351,9.080787255306698,66109.32571428572,29422.060201332402
2011-12-06,60131.7,54971.96,42746.80217279154,149,31002,1469,108,128,2484.84,12225.157827208459,20.330637296481655,4347.0,3.42765125373821,4.132329536667016,17358.591714701215,12110.431831183458,3.4591913047228324,0.7443267317265211,4.8475248221045435,9.051011247018463,66065.74571428572,29432.08700219136
2011-12-07,77111.71,76115.93000000001,56012.54350012776,138,42542,2380,45,101,362.94,20103.38649987225,26.07047165712218,4456.0,3.096947935368043,0.4706678142658229,15296.34089909735,9683.041782444338,3.406286868394403,0.7567139919510827,4.8424022979065695,9.053887248863216,66456.65714285713,29578.654819572002
2011-12-08,85406.47,83216.63,52339.93661430664,145,36234,1218,70,120,1077.22,30876.69338569336,36.152639707147905,5539.0,2.6178010471204187,1.2612861765625016,16028.902597939346,10741.706489063492,3.119181374642177,0.5757518756322725,4.805597549402035,9.070158193889004,69478.31142857143,30385.621029320984
2011-12-09,371018.13,32990.61,261295.3695116859,49,94297,81031,8,38,168789.07,-228304.75951168587,-61.534663956094505,1126.0,4.351687388987567,45.493483027365805,-19533.394415527826,92661.86105536688,3.2883986563844574,0.7422116079450464,11.100177696523774,17.608584115832965,114633.56000000001,116891.25269399871
